	Room	Start	End
0	2	1402914041.954	1402914066.031
1	3	1402914066.579	1402914090.973
2	2	1402914091.51	1402914095.036
3	1	1402914095.527	1402914126.76
4	2	1402914129.254	1402914140.199
5	3	1402914140.719	1402914156.102
6	4	1402914156.892	1402914179.72
7	1	1402914180.249	1402914182.579
8	2	1402914185.179	1402914200.597
9	3	1402914201.166	1402914213.962
10	2	1402914214.782	1402914217.145
11	1	1402914217.567	1402914249.999
12	3	1402914254.538	1402914262.992
13	4	1402914263.711	1402914295.82
14	4	1402914295.82	1402914309.577
15	1	1402914310.011	1402914314.43
16	1	1402914314.43	1402914338.634
17	2	1402914339.154	1402914342.447
18	3	1402914345.02	1402914355.915
19	4	1402914357.16	1402914410.635
20	1	1402914411.029	1402914416.228
21	2	1402914416.614	1402914425.272
22	1	1402914425.734	1402914436.646
23	2	1402914437.11	1402914441.87
24	1	1402914444.586	1402914447.167
25	4	1402914447.627	1402914454.602
26	3	1402914455.262	1402914472.9
27	2	1402914473.499	1402914481.278
28	3	1402914481.781	1402914488.372
29	4	1402914488.962	1402914494.507
30	1	1402914494.859	1402914496.86
31	3	1402914499.082	1402914501.443
32	3	1402914501.443	1402914512.629
33	4	1402914513.211	1402914603.88
34	3	1402914605.872	1402914610.107
35	4	1402914610.605	1402914615.371
36	1	1402914615.96	1402914620.273
37	4	1402914620.929	1402914626.674
38	3	1402914628.869	1402914635.09
39	2	1402914641.067	1402914654.091
40	1	1402914654.589	1402914669.257
41	4	1402914670.015	1402914678.814
42	3	1402914679.237	1402914685.41
43	2	1402914685.971	1402914691.917
44	1	1402914692.452	1402914705.204
45	4	1402914705.713	1402914708.67
46	3	1402914713.595	1402914722.136
47	2	1402914723.51	1402914733.82
48	1	1402914734.293	1402914737.153
49	1	1402914737.153	1402914785.72
50	2	1402914786.28	1402914809.761
51	1	1402914810.482	1402914831.177
52	4	1402914832.2	1402914842.886
53	1	1402914843.335	1402914846.477
54	2	1402914846.868	1402914859.168
55	1	1402914865.185	1402914936.981
56	2	1402914937.444	1402914945.024
57	3	1402914945.53	1402914952.629
58	3	1402914952.629	1402914958.219
59	4	1402914958.682	1402914976.3
60	3	1402914976.756	1402915017.058
61	4	1402915018.967	1402915029.079
62	3	1402915032.0	1402915040.85
63	2	1402915044.861	1402915047.825
64	1	1402915048.352	1402915125.924
65	4	1402915126.447	1402915130.594
66	3	1402915134.098	1402915145.725
67	2	1402915146.105	1402915201.839
68	3	1402915202.404	1402915221.845
69	4	1402915222.303	1402915240.114
70	3	1402915241.373	1402915302.273
71	4	1402915302.764	1402915305.228
72	1	1402915305.624	1402915312.482
73	2	1402915312.949	1402915360.287
74	3	1402915361.003	1402915364.148
75	4	1402915364.648	1402915383.863
76	1	1402915384.29	1402915402.393
77	2	1402915402.949	1402915414.482
78	1	1402915415.11	1402915417.938
79	2	1402915418.301	1402915422.251
80	3	1402915423.432	1402915426.311
81	4	1402915427.171	1402915434.695
82	3	1402915436.363	1402915448.635
83	3	1402915448.635	1402915451.257
84	4	1402915452.778	1402915457.128
85	1	1402915458.995	1402915461.568
86	2	1402915461.989	1402915480.36
87	4	1402915483.403	1402915503.353
88	1	1402915503.809	1402915506.092
89	2	1402915507.997	1402915518.847
90	3	1402915519.443	1402915523.486
91	4	1402915523.914	1402915590.357
92	1	1402915590.718	1402915596.644
93	2	1402915596.972	1402915603.968
94	1	1402915605.574	1402915609.124
95	4	1402915609.587	1402915646.815
96	3	1402915647.54	1402915654.698
97	4	1402915655.313	1402915667.359
98	1	1402915667.95	1402915673.936
99	2	1402915674.302	1402915691.99
100	3	1402915692.513	1402915700.673
101	4	1402915701.638	1402915708.298
102	2	1402915712.449	1402915716.73
103	1	1402915717.152	1402915735.577
104	4	1402915736.154	1402915742.532
105	3	1402915742.893	1402915808.683
106	2	1402915809.192	1402915814.059
107	1	1402915814.59	1402915829.48
108	2	1402915830.177	1402915832.366
109	2	1402915832.366	1402915835.518
110	3	1402915836.08	1402915842.226
111	4	1402915845.341	1402915866.938
112	3	1402915868.768	1402915871.72
113	2	1402915872.179	1402915900.244
114	3	1402915900.699	1402915911.963
115	4	1402915916.666	1402915930.332
116	1	1402915931.125	1402915943.715
117	4	1402915944.053	1402915948.503
118	3	1402915948.845	1402915951.817
119	3	1402915951.817	1402915955.94
120	4	1402915956.346	1402915972.644
121	1	1402915972.967	1402916003.009
122	2	1402916003.625	1402916017.794
123	4	1402916020.369	1402916022.99
124	3	1402916023.552	1402916040.987
125	4	1402916041.344	1402916078.285
126	1	1402916078.667	1402916081.292
127	2	1402916082.043	1402916101.312
128	3	1402916102.192	1402916105.914
129	2	1402916106.568	1402916225.076
130	1	1402916228.222	1402916232.035
131	4	1402916234.98	1402916243.626
132	3	1402916244.111	1402916274.674
133	2	1402916275.064	1402916279.691
134	1	1402916280.145	1402916339.317
135	4	1402916339.679	1402916343.386
136	3	1402916344.338	1402916359.853
137	2	1402916360.207	1402916483.974
138	3	1402916484.425	1402916488.543
139	4	1402916488.942	1402916497.058
140	1	1402916497.493	1402916500.8
141	2	1402916501.256	1402916504.339
142	2	1402916504.339	1402916513.635
143	1	1402916514.331	1402916518.038
144	1	1402916518.038	1402916523.04
145	4	1402916523.556	1402916535.602
146	3	1402916536.003	1402916543.516
147	2	1402916544.212	1402916546.366
148	1	1402916547.816	1402916551.67
149	4	1402916552.068	1402916559.372
150	3	1402916559.701	1402916583.847
151	4	1402916585.922	1402916589.972
152	1	1402916590.697	1402916595.712
153	2	1402916596.174	1402916621.784
154	3	1402916622.368	1402916636.964
155	4	1402916637.278	1402916651.45
156	1	1402916651.871	1402916655.497
157	4	1402916655.746	1402916680.999
158	1	1402916686.333	1402916736.205
159	2	1402916736.587	1402916742.354
160	1	1402916742.675	1402916744.998
161	4	1402916746.565	1402916753.172
162	3	1402916753.57	1402916817.874
163	4	1402916818.235	1402916839.079
164	1	1402916839.431	1402916849.704
165	3	1402916851.96	1402916856.097
166	3	1402916856.097	1402916861.56
167	3	1402916861.56	1402916869.244
168	3	1402916869.244	1402916872.072
169	2	1402916872.723	1402916876.937
170	1	1402916877.369	1402916879.622
171	1	1402916879.622	1402916882.482
172	2	1402916884.046	1402916898.373
173	2	1402916898.373	1402916946.236
174	3	1402916947.777	1402916951.274
175	4	1402916951.571	1402916978.185
176	3	1402916978.505	1402916984.455
177	2	1402916984.957	1402917018.02
178	1	1402917027.944	1402917042.221
179	1	1402917042.221	1402917048.426
180	2	1402917048.817	1402917124.712
181	1	1402917126.883	1402917133.924
182	3	1402917136.469	1402917163.716
183	4	1402917164.238	1402917179.949
184	1	1402917182.077	1402917187.528
185	2	1402917188.497	1402917192.634
186	1	1402917194.605	1402917204.842
187	4	1402917205.267	1402917213.901
188	3	1402917214.421	1402917250.808
189	1	1402917253.41	1402917258.35
190	2	1402917258.783	1402917315.017
191	3	1402917315.806	1402917328.151
192	4	1402917333.244	1402917336.486
193	4	1402917336.486	1402917340.539
194	1	1402917341.039	1402917353.245
195	2	1402917354.501	1402917357.856
196	1	1402917384.159	1402917414.21
197	1	1402917414.21	1402917434.995
198	1	1402917434.995	1402917469.936
199	4	1402917470.331	1402917472.922
200	3	1402917473.379	1402917482.903
201	4	1402917484.195	1402917497.149
202	1	1402917497.768	1402917499.792
203	2	1402917500.154	1402917508.747
204	1	1402917510.017	1402917522.031
205	2	1402917522.421	1402917527.665
206	3	1402917528.816	1402917536.613
207	4	1402917536.946	1402917540.53
208	1	1402917541.046	1402917575.553
209	4	1402917577.46	1402917586.004
210	3	1402917586.503	1402917594.362
211	2	1402917595.397	1402917600.749
212	3	1402917601.263	1402917605.55
213	4	1402917605.897	1402917611.135
214	1	1402917611.756	1402917614.387
215	2	1402917614.817	1402917626.85
216	3	1402917627.317	1402917684.556
217	2	1402917685.971	1402917696.06
218	1	1402917696.489	1402917707.583
219	3	1402917709.917	1402917718.455
220	2	1402917719.07	1402917721.146
221	2	1402917721.146	1402917727.689
222	1	1402917728.377	1402917730.869
223	1	1402917730.869	1402917832.715
224	2	1402917834.125	1402917840.611
225	2	1402917840.611	1402917855.314
226	3	1402917855.743	1402917860.88
227	4	1402917861.991	1402917864.933
228	1	1402917865.397	1402917871.819
229	4	1402917872.249	1402917874.787
230	3	1402917875.534	1402917878.332
231	2	1402917879.34	1402917884.925
232	1	1402917885.419	1402917902.498
233	2	1402917902.944	1402917935.011
234	3	1402917935.474	1402917938.258
235	4	1402917938.573	1402917972.144
236	1	1402917972.659	1402917980.348
237	2	1402917980.802	1402917993.764
238	3	1402917994.263	1402918016.404
239	2	1402918017.086	1402918113.483
240	1	1402918114.038	1402918159.25
241	3	1402918162.065	1402918172.813
242	4	1402918173.203	1402918189.803
243	1	1402918190.204	1402918192.353
244	2	1402918192.811	1402918215.271
245	1	1402918215.822	1402918270.909
246	2	1402918271.325	1402918274.648
247	2	1402918274.648	1402918282.284
248	1	1402918282.939	1402918285.367
249	2	1402918287.891	1402918290.407
250	3	1402918290.71	1402918380.122
251	3	1402918380.122	1402918389.857
252	4	1402918390.215	1402918440.294
253	3	1402918440.946	1402918505.543
254	3	1402918505.543	1402918535.451
255	1	1402918538.818	1402918554.401
256	2	1402918555.092	1402918576.778
257	3	1402918583.924	1402918604.694
258	4	1402918605.388	1402918611.146
259	4	1402918611.146	1402918620.874
260	4	1402918620.874	1402918642.485
261	1	1402918642.936	1402918645.897
262	2	1402918646.354	1402918663.734
263	2	1402918663.734	1402918672.12
264	1	1402918673.376	1402918707.932
265	2	1402918708.685	1402918721.489
266	1	1402918727.183	1402918732.433
267	4	1402918733.466	1402918737.671
268	3	1402918738.194	1402918742.612
269	3	1402918749.667	1402918813.316
270	4	1402918813.676	1402918818.276
271	4	1402918820.385	1402918824.14
272	1	1402918824.539	1402918828.775
273	2	1402918829.29	1402918863.747
274	1	1402918864.338	1402918883.616
275	4	1402918884.31	1402918890.384
276	3	1402918890.804	1402918961.756
277	4	1402918962.14	1402919051.67
278	1	1402919052.103	1402919056.478
279	2	1402919056.973	1402919079.442
280	3	1402919084.669	1402919087.298
281	4	1402919087.73	1402919091.587
282	2	1402919095.87	1402919111.915
283	3	1402919112.577	1402919132.409
284	1	1402919134.906	1402919151.391
285	2	1402919151.809	1402919190.875
286	3	1402919191.302	1402919193.725
287	4	1402919194.374	1402919274.629
288	4	1402919405.794	1402919422.396
289	1	1402919422.832	1402919450.876
290	2	1402919451.406	1402919454.612
291	3	1402919454.933	1402919532.683
292	3	1402919540.897	1402919547.028
293	2	1402919548.603	1402919553.802
294	1	1402919554.16	1402919564.161
295	2	1402919564.649	1402919568.939
296	4	1402919571.958	1402919581.91
297	3	1402919582.236	1402919708.64
298	4	1402919709.096	1402919711.819
299	1	1402919712.366	1402919715.098
300	1	1402919715.098	1402919723.102
301	4	1402919726.754	1402919729.91
302	3	1402919730.468	1402919741.522
303	2	1402919742.099	1402919763.977
304	2	1402919763.977	1402919767.299
305	1	1402919769.274	1402919775.264
306	4	1402919775.821	1402919792.146
307	3	1402919792.44	1402919849.098
308	3	1402919849.098	1402919852.213
309	2	1402919853.838	1402919876.97
310	3	1402919877.359	1402919882.216
311	4	1402919882.72	1402919948.244
312	1	1402919948.767	1402919965.508
313	2	1402919965.955	1402919973.757
314	3	1402919974.31	1402919999.016
315	4	1402919999.446	1402920010.408
316	1	1402920010.707	1402920018.099
317	2	1402920018.414	1402920066.759
318	3	1402920067.187	1402920094.257
319	4	1402920094.682	1402920098.051
320	1	1402920098.449	1402920101.559
321	2	1402920103.061	1402920117.093
322	3	1402920117.715	1402920157.97
323	4	1402920158.435	1402920181.677
324	4	1402920181.677	1402920185.846
325	4	1402920185.846	1402920189.266
326	3	1402920194.228	1402920312.019
327	2	1402920312.651	1402920317.02
328	1	1402920317.649	1402920322.643
329	3	1402920326.159	1402920341.643
330	4	1402920342.043	1402920344.651
331	1	1402920345.043	1402920348.1
332	2	1402920348.52	1402920351.364
333	1	1402920352.046	1402920359.837
334	4	1402920360.287	1402920363.129
335	3	1402920363.458	1402920372.167
336	3	1402920372.167	1402920377.663
337	4	1402920377.985	1402920423.988
338	1	1402920424.522	1402920448.46
339	2	1402920448.743	1402920454.447
340	1	1402920454.835	1402920459.495
341	3	1402920460.713	1402920535.81
342	2	1402920537.551	1402920544.66
343	3	1402920545.188	1402920553.126
344	4	1402920553.716	1402920582.87
345	3	1402920583.232	1402920646.072
346	2	1402920647.742	1402920649.812
347	2	1402920649.812	1402920654.828
348	2	1402920654.828	1402920658.667
349	3	1402920659.123	1402920662.526
350	3	1402920662.526	1402920687.535
351	4	1402920687.996	1402920690.824
352	4	1402920693.22	1402920706.767
353	1	1402920707.188	1402920734.653
354	4	1402920735.31	1402920737.709
355	3	1402920738.16	1402920742.491
356	3	1402920742.491	1402920963.413
357	2	1402920964.095	1402920976.252
358	3	1402920976.784	1402920988.649
359	4	1402920989.015	1402920994.034
360	1	1402920995.176	1402920998.606
361	2	1402920999.201	1402921001.517
362	2	1402921001.517	1402921107.927
363	3	1402921108.399	1402921112.399
364	3	1402921112.399	1402921118.328
365	4	1402921118.774	1402921137.225
366	1	1402921137.528	1402921140.076
367	2	1402921140.635	1402921145.179
368	3	1402921145.508	1402921184.616
369	2	1402921185.115	1402921187.871
370	1	1402921188.274	1402921295.008
371	2	1402921295.459	1402921319.761
372	3	1402921320.114	1402921325.112
373	4	1402921325.848	1402921346.321
374	1	1402921346.785	1402921363.415
375	3	1402921364.837	1402921424.187
376	4	1402921424.616	1402921450.879
377	3	1402921451.273	1402921488.107
378	3	1402921488.107	1402921519.787
379	2	1402921520.239	1402921531.799
380	1	1402921532.295	1402921551.391
381	4	1402921551.938	1402921554.424
382	3	1402921554.824	1402921664.927
383	4	1402921665.397	1402921705.609
384	1	1402921706.041	1402921718.533
385	4	1402921718.963	1402921721.403
386	3	1402921721.735	1402921751.551
387	2	1402921753.655	1402921759.373
388	3	1402921760.368	1402921762.773
389	4	1402921764.278	1402921872.567
390	3	1402921872.939	1402921920.088
391	2	1402921920.602	1402921923.142
392	2	1402921923.142	1402921926.204
393	1	1402921926.728	1402921942.96
394	2	1402921943.585	1402921952.518
395	3	1402921953.01	1402921956.621
396	3	1402921957.867	1402922151.293
397	1	1402922153.941	1402922156.169
398	3	1402922157.656	1402922197.236
399	2	1402922197.883	1402922203.922
400	2	1402922203.922	1402922233.81
401	3	1402922234.234	1402922464.971
402	4	1402922465.42	1402922470.547
403	3	1402922470.771	1402922715.439
404	4	1402922715.895	1402922727.007
405	1	1402922727.431	1402922735.899
406	4	1402922736.414	1402922814.841
407	3	1402922815.394	1402922844.893
408	4	1402922845.256	1402922920.068
409	1	1402922920.966	1402922929.045
410	2	1402922929.404	1402923108.19
411	1	1402923111.251	1402923118.162
412	4	1402923119.421	1402923122.649
413	3	1402923122.977	1402923141.03
414	2	1402923141.53	1402923145.33
415	1	1402923145.711	1402923187.499
416	4	1402923188.934	1402923232.105
417	3	1402923232.473	1402923268.731
418	2	1402923269.229	1402923279.436
419	3	1402923279.85	1402923284.008
420	4	1402923286.529	1402923314.433
421	1	1402923314.797	1402923320.968
422	2	1402923321.351	1402923341.832
423	3	1402923342.281	1402923436.265
424	4	1402923436.687	1402923447.661
425	3	1402923448.042	1402923499.306
426	4	1402923499.753	1402923539.934
427	1	1402923541.369	1402923642.656
428	2	1402923643.278	1402923648.294
429	1	1402923648.743	1402923659.291
430	3	1402923661.774	1402923697.33
431	4	1402923697.881	1402923700.139
432	1	1402923700.638	1402923781.153
433	2	1402923781.807	1402923832.289
434	3	1402923832.648	1402923922.329
435	4	1402923922.719	1402923938.305
436	1	1402923938.764	1402923971.108
437	3	1402923973.591	1402924009.934
438	2	1402924016.792	1402924153.595
439	3	1402924154.044	1402924173.155
440	4	1402924173.61	1402924178.042
441	1	1402924181.904	1402924216.079
442	2	1402924216.529	1402924233.606
443	1	1402924234.132	1402924236.656
444	3	1402924238.066	1402924254.112
445	2	1402924254.504	1402924278.609
446	3	1402924279.289	1402924319.389
447	4	1402924320.414	1402924324.668
448	1	1402924325.163	1402924390.507
449	4	1402924390.938	1402924397.601
450	3	1402924398.809	1402924403.813
451	2	1402924404.471	1402924439.241
452	1	1402924439.789	1402924463.199
453	4	1402924463.548	1402924466.914
454	3	1402924467.269	1402924502.313
455	2	1402924502.808	1402924521.523
456	1	1402924522.145	1402924591.95
457	4	1402924592.368	1402924595.043
458	3	1402924595.431	1402924655.864
459	2	1402924656.431	1402924845.806
460	3	1402924846.749	1402924852.407
461	4	1402924853.058	1402924872.451
462	3	1402924873.373	1402924925.204
463	2	1402924925.758	1402924929.272
464	2	1402924929.272	1402924978.036
465	1	1402924978.563	1402924988.382
466	4	1402924988.937	1402925029.158
467	3	1402925029.625	1402925105.369
468	2	1402925105.803	1402925113.896
469	1	1402925114.532	1402925116.625
470	1	1402925116.625	1402925285.071
471	4	1402925286.65	1402925289.091
472	3	1402925289.43	1402925323.093
473	2	1402925323.707	1402925408.913
474	3	1402925410.317	1402925430.103
475	4	1402925430.846	1402925452.384
476	1	1402925452.899	1402925456.561
477	2	1402925461.754	1402925465.076
478	2	1402925465.891	1402925475.492
479	1	1402925475.892	1402925503.863
480	3	1402925506.568	1402925549.109
481	2	1402925549.598	1402925567.33
482	3	1402925567.688	1402925691.327
483	1	1402925695.962	1402925698.243
484	2	1402925698.701	1402925716.546
485	3	1402925716.875	1402925769.565
486	4	1402925771.641	1402925849.893
487	1	1402925850.295	1402925892.703
488	2	1402925893.185	1402926047.437
489	3	1402926048.638	1402926135.905
490	4	1402926136.301	1402926142.958
491	1	1402926143.327	1402926152.663
492	2	1402926153.311	1402926167.768
493	1	1402926168.432	1402926192.422
494	4	1402926192.857	1402926203.889
495	3	1402926204.427	1402928122.3
496	4	1402928123.45	1402928142.175
497	1	1402928142.902	1402928148.188
498	2	1402928148.909	1402928169.057
499	3	1402928173.985	1402928242.31
500	4	1402928242.698	1402928324.023
501	3	1402928324.879	1402928418.173
502	2	1402928418.719	1402928461.317
503	1	1402928461.812	1402928482.079
504	4	1402928486.064	1402928492.177
505	3	1402928492.177	1402928565.013
506	4	1402928565.539	1402928645.457
507	3	1402928646.048	1402928684.8
508	4	1402928686.32	1402928695.722
509	1	1402928696.047	1402928730.334
510	2	1402928730.658	1402928885.216
511	3	1402928885.845	1402928890.24
512	4	1402928890.726	1402928896.803
513	1	1402928897.133	1402928918.05
514	2	1402928918.485	1402928967.623
515	1	1402928970.755	1402928995.115
516	3	1402928997.226	1402929111.124
517	2	1402929111.875	1402929116.696
518	1	1402929117.125	1402929123.722
519	4	1402929124.093	1402929126.986
520	3	1402929127.354	1402929198.112
521	4	1402929198.567	1402929235.759
522	1	1402929236.045	1402929308.259
523	2	1402929308.805	1402929487.524
524	1	1402929488.052	1402929493.297
525	3	1402929495.962	1402929519.803
526	4	1402929520.354	1402929522.494
527	4	1402929522.494	1402929537.529
528	1	1402929537.965	1402929541.827
529	2	1402929542.14	1402929631.2
530	3	1402929631.508	1402929687.21
531	1	1402929689.005	1402929708.726
532	2	1402929709.453	1402929759.984
533	3	1402929760.552	1402929762.652
534	4	1402929763.21	1402929770.299
535	1	1402929770.756	1402929808.925
536	2	1402929809.357	1402929842.603
537	3	1402929842.603	1402930111.815
538	4	1402930112.536	1402930157.683
539	1	1402930158.294	1402930171.929
540	2	1402930172.276	1402930321.431
541	3	1402930321.856	1402930326.745
542	4	1402930327.405	1402930332.647
543	1	1402930333.074	1402930337.425
544	2	1402930337.928	1402930430.152
545	3	1402930430.568	1402930498.004
546	4	1402930499.177	1402930502.371
547	4	1402930502.371	1402930567.781
548	1	1402930568.239	1402930611.063
549	2	1402930611.502	1402930690.772
550	3	1402930691.297	1402930701.543
551	4	1402930701.811	1402930875.701
552	1	1402930877.539	1402930908.437
553	2	1402930909.136	1402930911.165
554	2	1402930911.165	1402930923.017
555	1	1402930923.919	1402931058.688
556	2	1402931059.117	1402931063.946
557	3	1402931064.279	1402931067.745
558	4	1402931068.067	1402931101.139
559	1	1402931101.411	1402931118.215
560	2	1402931118.637	1402931184.184
561	3	1402931184.776	1402931237.501
562	4	1402931239.008	1402931358.282
563	1	1402931358.833	1402931413.689
564	2	1402931414.113	1402931424.08
565	1	1402931424.712	1402931429.985
566	2	1402931430.71	1402931433.99
567	3	1402931435.596	1402931440.814
568	4	1402931442.903	1402931576.832
569	3	1402931577.443	1402931590.659
570	4	1402931591.32	1402931593.926
571	1	1402931594.214	1402931623.194
572	2	1402931624.604	1402931713.395
573	3	1402931713.783	1402931750.029
574	4	1402931750.615	1402931772.134
575	1	1402931772.555	1402931867.961
576	2	1402931869.6	1402931873.074
577	3	1402931873.468	1402931892.172
578	4	1402931892.658	1402931932.914
579	1	1402931933.337	1402931959.44
580	2	1402931959.808	1402931964.248
581	1	1402931964.887	1402932033.057
582	2	1402932037.105	1402932049.917
583	1	1402932050.519	1402932055.982
584	2	1402932057.456	1402932061.946
585	1	1402932062.501	1402932074.833
586	3	1402932076.987	1402932121.727
587	4	1402932122.415	1402932124.843
588	4	1402932124.843	1402932142.46
589	1	1402932142.914	1402932154.313
590	2	1402932154.693	1402932205.753
591	3	1402932207.486	1402932218.46
592	3	1402932218.46	1402932332.295
593	4	1402932332.796	1402932369.909
594	1	1402932370.572	1402932385.979
595	2	1402932386.43	1402932418.546
596	3	1402932418.882	1402932511.922
597	2	1402932512.761	1402932532.259
598	1	1402932532.815	1402932584.029
599	4	1402932584.597	1402932587.761
600	3	1402932588.218	1402932723.922
601	4	1402932724.389	1402932745.298
602	1	1402932745.788	1402932749.013
603	2	1402932749.349	1402933043.73
604	3	1402933044.094	1402933073.091
605	4	1402933076.668	1402933078.769
606	3	1402933082.336	1402933128.696
607	2	1402933133.249	1402933143.569
608	3	1402933143.872	1402933199.447
609	4	1402933200.437	1402933248.28
610	3	1402933248.698	1402933311.979
611	4	1402933312.576	1402933371.134
612	1	1402933371.955	1402933391.693
613	2	1402933392.376	1402933414.972
614	3	1402933415.241	1402933422.29
615	4	1402933422.624	1402933556.647
616	3	1402933557.277	1402933564.99
617	2	1402933565.482	1402933598.348
618	1	1402933599.187	1402933601.439
619	1	1402933601.439	1402933615.096
620	4	1402933617.194	1402933632.159
621	1	1402933632.463	1402933636.044
622	2	1402933636.733	1402933642.628
623	1	1402933643.216	1402933647.577
624	2	1402933647.899	1402933763.817
625	3	1402933764.18	1402935070.188
626	4	1402935070.913	1402935081.274
627	1	1402935081.771	1402935100.818
628	2	1402935101.208	1402935105.338
629	3	1402935105.701	1402942272.723
630	4	1402942273.532	1402942285.15
631	1	1402942286.399	1402942292.157
632	2	1402942296.205	1402942310.433
633	3	1402942310.901	1402942474.55
634	2	1402942475.847	1402942477.892
635	2	1402942477.892	1402942490.192
636	3	1402942490.508	1402942993.173
637	4	1402942994.024	1402943000.434
638	1	1402943001.223	1402943031.229
639	2	1402943031.81	1402943070.021
640	3	1402943072.753	1402943120.582
641	4	1402943121.34	1402943136.154
642	1	1402943136.541	1402943146.479
643	3	1402943148.852	1402943199.246
644	2	1402943200.86	1402943270.158
645	3	1402943271.114	1402943280.033
646	4	1402943280.732	1402943285.754
647	2	1402943287.864	1402943318.112
648	3	1402943318.608	1402943327.735
649	4	1402943328.065	1402943352.116
650	1	1402943352.449	1402943372.54
651	2	1402943373.167	1402943450.828
652	3	1402943451.154	1402943461.904
653	3	1402943461.904	1402943469.509
654	4	1402943470.044	1402943494.565
655	3	1402943495.127	1402943527.485
656	3	1402943527.808	1402943606.462
657	2	1402943607.073	1402943612.798
658	1	1402943613.487	1402943621.811
659	2	1402943623.773	1402943663.494
660	3	1402943664.05	1402943737.831
661	4	1402943738.351	1402943773.472
662	1	1402943773.902	1402943803.279
663	2	1402943805.114	1402943810.555
664	3	1402943811.018	1402943851.339
665	4	1402943851.801	1402943855.059
666	1	1402943855.429	1402943877.519
667	2	1402943877.974	1402943934.741
668	3	1402943935.045	1402943949.375
669	2	1402943949.933	1402943956.472
670	1	1402943956.968	1402943966.655
671	3	1402943967.964	1402944172.239
672	4	1402944172.824	1402944177.946
673	1	1402944178.577	1402944188.556
674	3	1402944190.664	1402944373.335
675	2	1402944374.342	1402944383.851
676	1	1402944384.321	1402944390.103
677	3	1402944392.848	1402944396.3
678	3	1402944396.3	1402944456.035
679	4	1402944456.386	1402944476.988
680	1	1402944477.634	1402944483.497
681	2	1402944483.852	1402944556.466
682	3	1402944557.095	1402944559.538
683	4	1402944559.837	1402944568.826
684	1	1402944569.211	1402944584.957
685	2	1402944585.449	1402944711.944
686	3	1402944712.643	1402944730.7
687	4	1402944732.216	1402944743.646
688	1	1402944744.037	1402944752.96
689	2	1402944753.26	1402944772.413
690	1	1402944772.817	1402944775.16
691	3	1402944776.644	1402944825.544
692	4	1402944826.705	1402944834.164
693	3	1402944835.068	1402944850.584
694	4	1402944851.065	1402944860.135
695	1	1402944861.191	1402944879.185
696	2	1402944879.57	1402944905.97
697	3	1402944906.304	1402944926.587
698	4	1402944926.929	1402944986.0
699	1	1402944986.332	1402945018.111
700	2	1402945018.866	1402945034.613
701	3	1402945037.99	1402945041.297
702	3	1402945041.297	1402945045.046
703	4	1402945045.698	1402945066.104
704	1	1402945066.431	1402945190.439
705	2	1402945190.976	1402945194.676
706	3	1402945195.23	1402945308.346
707	2	1402945308.972	1402945316.305
708	4	1402945319.037	1402945324.797
709	1	1402945325.361	1402945504.06
710	2	1402945504.586	1402945709.58
711	3	1402945710.131	1402945719.09
712	4	1402945719.58	1402945723.813
713	1	1402945725.033	1402945772.77
714	2	1402945773.451	1402945812.248
715	3	1402945812.673	1402945816.329
716	4	1402945816.912	1402945827.296
717	3	1402945828.362	1402945855.864
718	4	1402945856.593	1402945859.164
719	1	1402945859.491	1402953600.878
720	4	1402953603.825	1402953614.977
721	3	1402953615.741	1402953618.504
722	2	1402953618.94	1402953642.572
723	1	1402953644.474	1402954310.573
724	2	1402954311.557	1402954315.129
725	3	1402954315.633	1402954331.622
726	4	1402954332.046	1402954343.484
727	1	1402954344.267	1402954498.082
728	2	1402954501.045	1402954530.176
729	3	1402954530.573	1402954534.522
730	4	1402954534.856	1402954545.363
731	1	1402954546.129	1402954625.252
732	2	1402954625.755	1402954631.852
733	3	1402954636.183	1402954639.17
734	3	1402954639.426	1402954652.621
735	2	1402954654.136	1402954664.237
736	1	1402954664.952	1402955030.734
737	4	1402955031.44	1402955034.196
738	3	1402955036.668	1402955042.324
739	3	1402955047.246	1402955053.239
740	1	1402955055.369	1402956069.339
741	1	1402956000.0	1402956069.339
742	2	1402956075.503	1402956183.977
743	3	1402956185.78	1402956207.326
744	4	1402956208.865	1402956237.842
745	3	1402956238.571	1402956243.345
746	4	1402956243.641	1402956255.802
747	1	1402956256.206	1402956259.119
748	2	1402956259.814	1402956455.715
749	3	1402956456.204	1402956468.825
750	4	1402956469.229	1402956500.695
751	1	1402956501.056	1402956504.347
752	1	1402956504.347	1402956546.781
753	2	1402956550.85	1402956582.838
754	3	1402956583.268	1402956604.879
755	4	1402956605.281	1402956649.063
756	1	1402956649.62	1402956658.179
757	1	1402956658.179	1402956661.95
758	2	1402956663.166	1402956675.649
759	3	1402956676.339	1402956698.608
760	2	1402956699.13	1402956709.721
761	3	1402956710.221	1402956718.577
762	4	1402956718.939	1402956764.692
763	1	1402956766.596	1402956864.428
764	2	1402956865.382	1402956958.696
765	3	1402956960.819	1402956979.876
766	1	1402956981.341	1402957077.651
767	4	1402957081.393	1402957084.813
768	3	1402957085.993	1402957094.654
769	1	1402957096.6	1402961887.182
770	2	1402961888.399	1402961891.211
771	2	1402961891.211	1402961907.297
772	1	1402961907.759	1402962660.897
773	4	1402962661.799	1402962675.412
774	3	1402962675.865	1402962678.726
775	3	1402962678.726	1402962706.093
776	2	1402962707.232	1402962730.204
777	3	1402962730.536	1402962749.965
778	4	1402962750.459	1402962835.022
779	1	1402962835.489	1402962840.498
780	2	1402962842.302	1402962861.337
781	3	1402962861.815	1402962866.079
782	4	1402962866.401	1402962968.748
783	3	1402962969.102	1402962978.531
784	2	1402962979.771	1402962983.833
785	1	1402962984.283	1402963035.636
786	4	1402963036.195	1402963062.502
787	3	1402963063.354	1402963084.619
788	2	1402963085.473	1402963137.629
789	4	1402963140.233	1402963189.339
790	1	1402963190.031	1402963410.485
791	1	1402963410.485	1402963433.759
792	1	1402963433.759	1402963442.491
793	2	1402963443.033	1402963445.054
794	3	1402963445.498	1402963455.174
795	4	1402963455.485	1402963478.158
796	1	1402963479.868	1402963497.378
797	4	1402963497.678	1402963501.731
798	3	1402963502.06	1402963509.38
799	2	1402963511.171	1402963516.034
800	1	1402963516.698	1402963529.01
801	4	1402963529.576	1402963531.621
802	1	1402963531.982	1402963546.428
803	1	1402963546.428	1402963550.263
804	2	1402963551.37	1402963566.395
805	3	1402963566.953	1402963570.263
806	4	1402963570.724	1402963769.997
807	1	1402963770.614	1402963817.138
808	4	1402963817.532	1402963819.874
809	3	1402963820.4	1402963891.081
810	4	1402963891.742	1402963904.662
811	1	1402963905.12	1402963909.752
812	2	1402963910.263	1402963918.244
813	3	1402963918.671	1402963921.315
814	4	1402963921.87	1402963955.224
815	3	1402963955.848	1402964044.123
816	4	1402964045.495	1402964054.756
817	1	1402964055.251	1402964163.488
818	4	1402964164.171	1402964243.463
819	3	1402964243.907	1402964257.484
820	2	1402964260.267	1402964319.923
821	1	1402964320.526	1402964346.83
822	4	1402964347.281	1402964575.832
823	1	1402964576.822	1402964632.358
824	4	1402964632.837	1402964635.007
825	3	1402964635.359	1402964647.518
826	4	1402964648.442	1402964691.746
827	1	1402964692.234	1402965012.19
828	4	1402965013.273	1402965019.46
829	3	1402965022.11	1402965025.207
830	3	1402965025.207	1402965028.353
831	1	1402965030.269	1402965198.059
832	4	1402965198.442	1402965218.552
833	1	1402965219.05	1402977892.046
834	4	1402977893.916	1402977905.528
835	3	1402977906.251	1402977921.961
836	2	1402977922.956	1402977950.472
837	1	1402977951.162	1402977954.023
838	1	1402977954.023	1402977958.24
839	2	1402977958.732	1402978095.862
840	3	1402978097.636	1402978099.722
841	4	1402978100.111	1402978240.093
842	3	1402978244.518	1402978255.64
843	3	1402978256.231	1402978269.159
844	4	1402978270.077	1402978276.191
845	1	1402978277.418	1402978298.571
846	4	1402978299.031	1402978342.776
847	3	1402978343.273	1402978399.666
848	4	1402978400.059	1402978408.173
849	1	1402978408.535	1402979351.419
850	2	1402979352.195	1402979363.682
851	3	1402979363.682	1402979365.886
852	1	1402979367.092	1402980224.853
853	4	1402980226.848	1402980233.42
854	3	1402980234.169	1402980246.889
855	4	1402980247.35	1402980249.53
856	1	1402980249.935	1402982721.799
857	4	1402982722.672	1402982777.846
858	3	1402982778.176	1402982780.639
859	2	1402982781.106	1402982795.31
860	1	1402982795.78	1402982826.046
861	4	1402982826.668	1402983039.248
862	1	1402983039.871	1402983042.289
863	2	1402983043.824	1402983048.595
864	3	1402983049.018	1402983054.138
865	4	1402983054.441	1402983337.6
866	3	1402983340.001	1402983343.22
867	1	1402983344.947	1402983387.316
868	4	1402983387.839	1402983395.363
869	3	1402983395.987	1402983401.79
870	2	1402983402.216	1402983406.153
871	1	1402983406.614	1402983444.286
872	2	1402983445.035	1402983491.495
873	3	1402983492.178	1402983554.685
874	1	1402983557.174	1402983626.282
875	3	1402983629.48	1402983632.029
876	1	1402983637.506	1402983713.766
877	2	1402983714.52	1402983716.581
878	3	1402983718.222	1402983724.139
879	4	1402983725.327	1402983736.604
880	3	1402983737.194	1402983741.627
881	1	1402983744.232	1402983748.521
882	1	1402983751.165	1402984185.468
883	4	1402984186.216	1402984207.236
884	1	1402984207.564	1402985280.079
885	4	1402985281.172	1402985383.259
886	3	1402985384.082	1402985398.911
887	4	1402985399.265	1402985413.106
888	1	1402985413.592	1402985418.673
889	2	1402985420.089	1402985450.894
890	3	1402985451.423	1402985487.138
891	4	1402985487.491	1402985489.552
892	4	1402985489.552	1402985526.166
893	3	1402985526.594	1402985541.44
894	4	1402985541.804	1402985568.804
895	1	1402985569.297	1402985590.657
896	4	1402985591.054	1402985757.472
897	3	1402985758.753	1402985762.758
898	2	1402985763.415	1402985772.017
899	1	1402985772.7	1402985778.132
900	2	1402985780.131	1402985786.147
901	3	1402985786.736	1402985789.66
902	4	1402985789.996	1402985802.674
903	1	1402985803.21	1402985815.047
904	4	1402985815.532	1402985838.846
905	3	1402985841.101	1402985871.404
906	2	1402985871.992	1402985893.781
907	4	1402985896.624	1402985901.464
908	1	1402985906.228	1402985925.825
909	4	1402985926.287	1402986044.513
910	3	1402986044.975	1402986053.253
911	4	1402986053.651	1402986060.905
912	1	1402986061.158	1402986089.02
913	4	1402986089.417	1402986102.644
914	1	1402986104.101	1402986116.148
915	2	1402986116.807	1402986131.939
916	3	1402986132.691	1402986138.429
917	4	1402986138.825	1402986160.99
918	1	1402986163.389	1402986181.648
919	4	1402986182.011	1402986203.344
920	3	1402986203.962	1402986207.936
921	2	1402986208.728	1402986265.436
922	3	1402986265.875	1402986271.478
923	4	1402986271.873	1402986434.188
924	1	1402986434.582	1402986451.688
925	2	1402986453.032	1402986466.646
926	3	1402986466.997	1402986478.198
927	4	1402986478.468	1402986513.084
928	3	1402986513.673	1402986526.873
929	4	1402986527.493	1402986617.971
930	4	1402986617.971	1402986648.73
931	1	1402986649.257	1402986690.189
932	4	1402986690.737	1402986801.031
933	1	1402986801.303	1402986826.574
934	4	1402986826.97	1402986875.29
935	1	1402986875.714	1402986883.685
936	1	1402986883.685	1402986887.632
937	1	1402986887.632	1402987050.111
938	4	1402987051.595	1402987066.626
939	1	1402987066.981	1402987110.069
940	4	1402987113.138	1402987115.888
941	3	1402987116.84	1402987127.306
942	1	1402987129.367	1402987136.239
943	4	1402987136.953	1402987157.18
944	3	1402987158.34	1402987198.034
945	4	1402987198.825	1402987296.888
946	1	1402987297.246	1402989112.58
947	4	1402989115.389	1402989190.124
948	1	1402989190.943	1402992839.626
949	4	1402992841.133	1402992849.343
950	4	1402992852.793	1402992857.042
951	4	1402992857.377	1402992861.277
952	3	1402992863.801	1402992866.802
953	2	1402992869.68	1402992938.003
954	3	1402992938.72	1402992940.756
955	4	1402992941.357	1402993165.65
956	1	1402993166.243	1402993185.021
957	2	1402993185.898	1402993207.391
958	3	1402993207.72	1402993212.505
959	4	1402993212.838	1402993220.533
960	1	1402993220.896	1402993385.53
961	4	1402993385.913	1402993399.091
962	1	1402993399.445	1402993402.975
963	2	1402993403.629	1402993408.299
964	3	1402993408.763	1402993411.107
965	4	1402993411.558	1402993478.411
966	3	1402993479.436	1402993503.71
967	4	1402993504.208	1402993507.914
968	4	1402993507.914	1402993522.351
969	1	1402993522.751	1402993540.612
970	4	1402993541.007	1402993723.327
971	3	1402993723.66	1402993750.147
972	1	1402993752.753	1402993756.195
973	4	1402993756.557	1402993771.189
974	2	1402993774.085	1402993809.571
975	3	1402993810.1	1402993813.517
976	4	1402993813.821	1402993833.355
977	1	1402993833.84	1402993869.889
978	2	1402993870.348	1402993874.746
979	3	1402993875.216	1402993923.602
980	4	1402993924.123	1402993957.492
981	1	1402993957.815	1402993960.409
982	2	1402993962.837	1402993986.854
983	3	1402993987.186	1402994319.283
984	4	1402994319.772	1402994327.212
985	1	1402994327.804	1402994684.045
986	4	1402994684.885	1402994952.376
987	3	1402994956.878	1402995034.467
988	2	1402995038.358	1402995052.734
989	3	1402995054.036	1402995056.74
990	4	1402995057.367	1402995305.593
991	1	1402995305.917	1402995467.925
992	2	1402995468.585	1402995472.377
993	3	1402995472.898	1402995475.495
994	4	1402995476.722	1402997375.658
995	1	1402997377.713	1402997381.02
996	1	1402997381.26	1402997417.302
997	4	1402997418.08	1402997512.91
998	3	1402997513.374	1402997530.527
999	2	1402997531.441	1402997552.911
1000	4	1402997555.53	1402997604.911
1001	1	1402997605.378	1402997632.936
1002	4	1402997633.678	1402998252.041
1003	2	1402998255.305	1402998257.533
1004	3	1402998257.992	1402998260.164
1005	3	1402998260.164	1402998263.514
1006	4	1402998263.875	1402998431.541
1007	3	1402998432.123	1402998459.661
1008	2	1402998460.262	1402998464.312
1009	1	1402998464.7	1402998475.331
1010	4	1402998475.687	1402998765.354
1011	3	1402998766.299	1402998812.401
1012	4	1402998814.811	1402998819.161
1013	1	1402998820.319	1402998843.085
1014	2	1402998919.506	1402999114.887
1015	3	1402999115.413	1402999120.739
1016	4	1402999121.132	1402999135.445
1017	4	1402999135.445	1402999156.247
1018	1	1402999157.035	1402999160.658
1019	2	1402999161.126	1402999191.403
1020	3	1402999193.051	1402999197.524
1021	4	1402999198.24	1402999210.011
1022	4	1402999200.0	1402999210.011
1023	1	1402999211.818	1402999221.851
1024	4	1402999224.579	1402999229.499
1025	1	1402999230.063	1402999233.754
1026	4	1402999235.729	1402999240.859
1027	3	1402999241.229	1402999277.263
1028	4	1402999279.341	1402999327.119
1029	1	1402999327.457	1402999333.038
1030	2	1402999333.695	1402999347.305
1031	2	1402999347.305	1402999350.698
1032	3	1402999351.218	1402999355.504
1033	4	1402999355.986	1402999368.122
1034	1	1402999368.387	1402999378.857
1035	1	1402999378.857	1402999391.538
1036	4	1402999391.97	1402999395.714
1037	3	1402999398.121	1402999463.552
1038	2	1402999464.755	1402999468.732
1039	3	1402999469.079	1402999472.636
1040	4	1402999472.997	1402999539.03
1041	1	1402999539.319	1402999552.131
1042	2	1402999552.544	1402999556.543
1043	3	1402999556.876	1402999622.404
1044	4	1402999622.852	1402999647.436
1045	3	1402999647.795	1402999721.579
1046	2	1402999722.196	1402999748.835
1047	1	1402999749.529	1402999754.517
1048	4	1402999755.045	1402999759.485
1049	1	1402999760.349	1402999797.591
1050	4	1402999797.914	1402999800.709
1051	3	1402999801.3	1402999803.665
1052	3	1402999803.665	1402999805.94
1053	2	1402999806.204	1402999808.323
1054	4	1402999810.836	1402999863.504
1055	3	1402999863.927	1402999930.852
1056	4	1402999931.379	1402999970.994
1057	1	1402999971.284	1402999982.499
1058	4	1402999983.117	1402999987.337
1059	3	1402999987.661	1403000007.575
1060	2	1403000007.944	1403000034.07
1061	1	1403000034.507	1403000048.098
1062	4	1403000048.62	1403000054.541
1063	3	1403000055.098	1403000057.48
1064	2	1403000058.295	1403000067.16
1065	3	1403000068.966	1403000080.634
1066	4	1403000081.089	1403000300.477
1067	1	1403000300.902	1403000314.53
1068	4	1403000315.46	1403000331.342
1069	3	1403000331.81	1403000344.534
1070	2	1403000344.953	1403000350.602
1071	1	1403000350.959	1403000369.425
1072	4	1403000370.054	1403000404.761
1073	3	1403000405.159	1403000434.472
1074	2	1403000434.872	1403000473.637
1075	1	1403000474.292	1403000521.853
1076	4	1403000522.114	1403000553.196
1077	1	1403000553.662	1403000588.839
1078	2	1403000589.305	1403000657.018
1079	2	1403000657.41	1403000662.245
1080	1	1403000662.536	1403000668.036
1081	4	1403000668.662	1403000866.306
1082	3	1403000867.0	1403000893.112
1083	4	1403000893.447	1403000907.116
1084	1	1403000907.472	1403000910.324
1085	2	1403000912.386	1403000954.005
1086	3	1403000954.485	1403000958.246
1087	4	1403000958.637	1403000994.694
1088	1	1403000995.019	1403001052.582
1089	4	1403001053.138	1403001084.995
1090	3	1403001085.418	1403001129.364
1091	4	1403001129.883	1403001164.9
1092	1	1403001165.227	1403001364.932
1093	2	1403001365.367	1403001367.505
1094	3	1403001367.933	1403001371.257
1095	4	1403001372.419	1403001375.163
1096	1	1403001375.747	1403001410.528
1097	4	1403001410.941	1403001431.537
1098	3	1403001432.157	1403001464.677
1099	2	1403001465.162	1403001479.775
1100	1	1403001480.726	1403001482.994
1101	1	1403001482.994	1403001501.018
1102	4	1403001501.284	1403001573.788
1103	3	1403001573.788	1403001579.728
1104	1	1403001581.374	1403001872.398
1105	4	1403001872.694	1403001897.052
1106	1	1403001897.481	1403001912.683
1107	2	1403001913.139	1403001918.275
1108	3	1403001918.667	1403001921.294
1109	4	1403001921.885	1403001972.093
1110	3	1403001972.509	1403001985.651
1111	2	1403001986.182	1403001994.976
1112	1	1403001995.599	1403002006.135
1113	4	1403002006.401	1403002088.405
1114	1	1403002088.812	1403002107.603
1115	2	1403002108.218	1403002114.121
1116	3	1403002114.488	1403002137.843
1117	3	1403002159.831	1403002165.351
1118	2	1403002165.909	1403002182.899
1119	1	1403002183.52	1403002189.223
1120	4	1403002189.671	1403002196.245
1121	4	1403002196.245	1403002199.615
1122	4	1403002199.615	1403002217.99
1123	1	1403002218.505	1403002238.62
1124	4	1403002238.947	1403002250.845
1125	3	1403002251.141	1403002255.755
1126	2	1403002256.213	1403002318.393
1127	1	1403002318.817	1403002338.95
1128	4	1403002339.253	1403002535.302
1129	3	1403002535.892	1403002570.41
1130	4	1403002571.228	1403002577.148
1131	1	1403002577.475	1403002621.01
1132	4	1403002621.375	1403002656.547
1133	3	1403002656.813	1403002697.947
1134	4	1403002698.305	1403002703.379
1135	1	1403002703.605	1403002736.051
1136	4	1403002736.796	1403002742.233
1137	2	1403002743.735	1403002765.706
1138	1	1403002766.957	1403003087.401
1139	1	1403003099.255	1403003133.538
1140	2	1403003134.092	1403003139.149
1141	3	1403003139.644	1403003142.133
1142	4	1403003142.567	1403003149.07
1143	1	1403003149.532	1403003153.923
1144	4	1403003157.344	1403003169.754
1145	1	1403003171.292	1403003194.251
1146	4	1403003194.54	1403003297.087
1147	3	1403003297.652	1403003308.616
1148	2	1403003309.899	1403003317.572
1149	1	1403003318.024	1403003320.842
1150	4	1403003321.234	1403003323.286
1151	3	1403003323.622	1403003335.078
1152	4	1403003335.601	1403003424.273
1153	1	1403003424.705	1403003437.266
1154	2	1403003437.7	1403003461.448
1155	3	1403003461.718	1403003463.99
1156	4	1403003465.011	1403003494.233
1157	1	1403003495.209	1403003539.749
1158	1	1403003539.749	1403003549.462
1159	1	1403003549.462	1403003553.328
1160	4	1403003553.686	1403003564.131
1161	3	1403003564.585	1403003576.044
1162	4	1403003576.335	1403003591.253
1163	1	1403003591.511	1403003752.496
1164	2	1403003752.954	1403003798.507
1165	3	1403003798.997	1403003802.882
1166	4	1403003803.635	1403003816.897
1167	1	1403003817.159	1403003832.002
1168	4	1403003832.391	1403003839.513
1169	3	1403003840.036	1403003920.294
1170	2	1403003920.855	1403003934.066
1171	4	1403003937.931	1403003955.78
1172	1	1403003957.978	1403003967.495
1173	1	1403003967.495	1403003979.657
1174	2	1403003979.982	1403003989.113
1175	3	1403003989.641	1403004011.377
1176	4	1403004011.78	1403004033.361
1177	4	1403004069.335	1403004071.659
1178	1	1403004072.234	1403004116.344
1179	4	1403004116.703	1403004138.632
1180	3	1403004139.09	1403004142.887
1181	1	1403004144.654	1403004231.47
1182	4	1403004231.897	1403004247.673
1183	3	1403004248.107	1403004250.664
1184	3	1403004250.664	1403004271.292
1185	2	1403004271.779	1403004280.027
1186	1	1403004280.399	1403004282.465
1187	4	1403004282.847	1403004294.493
1188	3	1403004294.866	1403004339.872
1189	2	1403004340.229	1403004356.364
1190	4	1403004358.28	1403004606.022
1191	1	1403004606.481	1403004654.154
1192	4	1403004654.468	1403004664.813
1193	3	1403004665.878	1403004674.987
1194	4	1403004675.308	1403004742.531
1195	3	1403004742.984	1403004748.394
1196	2	1403004750.229	1403004761.938
1197	3	1403004763.443	1403004773.218
1198	4	1403004773.711	1403004825.292
1199	1	1403004825.804	1403004849.776
1200	2	1403004850.137	1403004876.33
1201	3	1403004876.767	1403004901.776
1202	4	1403004902.161	1403004916.608
1203	1	1403004916.997	1403005408.223
1204	2	1403005408.89	1403005420.296
1205	1	1403005420.78	1403005434.307
1206	4	1403005434.952	1403005438.488
1207	3	1403005439.207	1403005454.228
1208	4	1403005456.124	1403005476.89
1209	3	1403005477.192	1403005480.685
1210	1	1403005483.003	1403005585.668
1211	4	1403005586.067	1403005702.481
1212	3	1403005702.848	1403005730.989
1213	4	1403005733.646	1403006018.573
1214	3	1403006025.632	1403006056.958
1215	1	1403006058.977	1403006128.119
1216	2	1403006128.653	1403006133.805
1217	3	1403006134.421	1403006140.034
1218	4	1403006140.483	1403006156.208
1219	1	1403006156.679	1403006241.868
1220	2	1403006243.11	1403006245.643
1221	3	1403006246.038	1403006269.137
1222	4	1403006269.476	1403006286.833
1223	1	1403006287.347	1403006383.588
1224	4	1403006384.186	1403006388.454
1225	3	1403006388.846	1403006392.11
1226	2	1403006392.511	1403006414.865
1227	1	1403006415.33	1403007130.603
1228	4	1403007132.149	1403007136.709
1229	3	1403007137.135	1403007139.5
1230	3	1403007139.5	1403007152.252
1231	4	1403007153.066	1403007159.158
1232	1	1403007159.457	1403007349.397
1233	2	1403007350.453	1403007371.379
1234	1	1403007372.305	1403007382.546
1235	2	1403007383.265	1403007407.13
1236	1	1403007408.187	1403009464.573
1237	1	1403009464.573	1403009480.949
1238	4	1403009481.767	1403009496.222
1239	1	1403009496.671	1403009636.352
1240	4	1403009637.069	1403009702.303
1241	3	1403009702.853	1403009729.555
1242	2	1403009730.179	1403009742.374
1243	1	1403009743.461	1403009746.321
1244	1	1403009746.321	1403009748.33
1245	4	1403009748.783	1403009963.664
1246	1	1403009964.064	1403010035.093
1247	4	1403010035.608	1403010037.653
1248	3	1403010038.103	1403010077.687
1249	4	1403010077.989	1403010371.403
1250	1	1403010372.028	1403010415.065
1251	1	1403010415.065	1403010468.122
1252	2	1403010468.616	1403010470.861
1253	3	1403010471.417	1403010513.546
1254	4	1403010514.072	1403010519.054
1255	1	1403010519.28	1403010556.235
1256	3	1403010560.448	1403010563.673
1257	2	1403010564.073	1403010610.75
1258	3	1403010613.561	1403010619.415
1259	4	1403010619.839	1403010625.96
1260	1	1403010626.706	1403010642.737
1261	2	1403010643.599	1403010661.708
1262	3	1403010662.171	1403010665.295
1263	1	1403010667.399	1403010758.574
1264	4	1403010758.931	1403010768.321
1265	3	1403010768.653	1403010789.62
1266	4	1403010790.91	1403010803.047
1267	1	1403010803.448	1403011245.798
1268	4	1403011246.193	1403011254.499
1269	1	1403011254.92	1403011257.405
1270	2	1403011258.022	1403011262.218
1271	3	1403011262.608	1403011266.789
1272	4	1403011267.186	1403011274.944
1273	1	1403011275.21	1403011410.225
1274	4	1403011412.133	1403011416.338
1275	3	1403011416.731	1403011419.115
1276	2	1403011421.45	1403011426.817
1277	3	1403011427.246	1403011430.664
1278	1	1403011432.097	1403011494.774
1279	3	1403011496.999	1403011542.767
1280	4	1403011543.063	1403011547.807
1281	3	1403011548.233	1403011552.371
1282	4	1403011552.759	1403011556.67
1283	1	1403011557.034	1403011633.561
1284	4	1403011634.327	1403011636.625
1285	3	1403011637.115	1403011640.413
1286	2	1403011641.225	1403011651.242
1287	2	1403011651.242	1403011655.778
1288	3	1403011656.26	1403011672.671
1289	4	1403011673.238	1403011675.344
1290	1	1403011675.674	1403011698.281
1291	4	1403011698.759	1403011713.014
1292	3	1403011713.403	1403011722.001
1293	1	1403011723.632	1403011766.363
1294	2	1403011769.937	1403011775.57
1295	3	1403011776.666	1403011782.917
1296	4	1403011783.349	1403011786.034
1297	1	1403011786.292	1403011814.217
1298	4	1403011814.865	1403011819.003
1299	1	1403011821.455	1403011823.843
1300	2	1403011824.282	1403011831.854
1301	1	1403011832.214	1403011959.92
1302	4	1403011962.39	1403012100.681
1303	1	1403012101.134	1403012119.074
1304	2	1403012119.827	1403012122.75
1305	2	1403012125.146	1403012128.507
1306	3	1403012132.44	1403012147.681
1307	1	1403012149.031	1403012188.042
1308	1	1403012193.092	1403012251.885
1309	4	1403012252.468	1403012269.416
1310	3	1403012269.769	1403012511.118
1311	4	1403012511.508	1403012515.073
1312	1	1403012515.412	1403012525.988
1313	3	1403012527.529	1403012780.144
1314	4	1403012780.645	1403012784.214
1315	1	1403012784.772	1403012791.705
1316	4	1403012792.523	1403012795.996
1317	3	1403012796.444	1403012826.535
1318	4	1403012827.146	1403012829.737
1319	1	1403012830.063	1403012860.436
1320	2	1403012861.258	1403012918.903
1321	3	1403012919.461	1403012923.136
1322	4	1403012923.504	1403012936.251
1323	3	1403012936.479	1403012995.463
1324	4	1403012995.788	1403012997.978
1325	1	1403012998.281	1403013030.745
1326	4	1403013031.376	1403013035.528
1327	4	1403013037.923	1403013041.107
1328	3	1403013041.533	1403013058.599
1329	4	1403013059.078	1403013074.909
1330	1	1403013079.259	1403013083.672
1331	3	1403013085.91	1403013109.958
1332	4	1403013111.634	1403013302.493
1333	1	1403013302.82	1403013350.029
1334	4	1403013352.52	1403013449.222
1335	3	1403013449.538	1403013519.876
1336	3	1403013519.876	1403013533.372
1337	4	1403013533.982	1403013536.41
1338	1	1403013536.763	1403013545.173
1339	2	1403013548.587	1403013578.683
1340	1	1403013579.026	1403013618.543
1341	4	1403013619.003	1403013628.151
1342	3	1403013628.468	1403013645.122
1343	2	1403013645.835	1403013651.303
1344	1	1403013651.732	1403013974.03
1345	4	1403013974.683	1403013977.572
1346	3	1403013977.938	1403013980.863
1347	3	1403013980.863	1403013988.774
1348	3	1403013988.774	1403013996.22
1349	1	1403013998.219	1403014072.278
1350	2	1403014073.857	1403014088.387
1351	3	1403014088.778	1403014093.268
1352	4	1403014093.595	1403014103.564
1353	1	1403014103.964	1403014110.627
1354	4	1403014111.344	1403014117.653
1355	1	1403014117.975	1403014133.578
1356	3	1403014137.676	1403014143.078
1357	4	1403014143.563	1403014240.016
1358	3	1403014240.381	1403014257.6
1359	2	1403014258.227	1403014296.917
1360	4	1403014301.519	1403014317.006
1361	1	1403014317.824	1403014330.398
1362	3	1403014332.65	1403014404.48
1363	4	1403014404.92	1403014436.676
1364	3	1403014436.999	1403014450.439
1365	4	1403014450.957	1403014455.713
1366	1	1403014456.068	1403014470.889
1367	2	1403014471.348	1403014625.5
1368	1	1403014626.381	1403014648.404
1369	3	1403014650.319	1403014675.456
1370	4	1403014675.956	1403014716.69
1371	3	1403014717.02	1403014729.275
1372	2	1403014729.757	1403014974.708
1373	3	1403014975.063	1403014979.321
1374	1	1403014982.865	1403014988.585
1375	2	1403014989.572	1403014991.696
1376	2	1403014991.696	1403014996.201
1377	1	1403014996.796	1403015024.531
1378	4	1403015027.276	1403015031.029
1379	1	1403015031.288	1403015201.406
1380	3	1403015203.298	1403015327.515
1381	2	1403015328.235	1403015335.143
1382	1	1403015335.516	1403015338.692
1383	3	1403015340.026	1403015365.834
1384	4	1403015366.174	1403015522.2
1385	1	1403015522.544	1403015544.321
1386	4	1403015544.85	1403015549.704
1387	3	1403015550.95	1403015586.026
1388	4	1403015586.476	1403015610.288
1389	1	1403015610.75	1403015614.008
1390	2	1403015614.518	1403015630.071
1391	3	1403015634.121	1403015644.448
1392	4	1403015644.798	1403015655.267
1393	1	1403015657.514	1403015671.056
1394	2	1403015671.946	1403015692.6
1395	1	1403015692.991	1403015790.918
1396	4	1403015791.467	1403015822.626
1397	3	1403015823.537	1403015863.535
1398	1	1403015865.95	1403015870.654
1399	4	1403015870.946	1403015882.864
1400	3	1403015883.191	1403015887.639
1401	2	1403015888.455	1403015924.07
1402	1	1403015924.07	1403015930.933
1403	4	1403015931.26	1403015934.694
1404	1	1403015934.975	1403016032.858
1405	1	1403016032.858	1403016037.638
1406	3	1403016039.749	1403016122.319
1407	4	1403016122.815	1403016172.272
1408	3	1403016173.49	1403016187.773
1409	4	1403016188.357	1403016190.718
1410	1	1403016191.184	1403016216.587
1411	4	1403016218.908	1403016221.831
1412	1	1403016222.131	1403016805.465
1413	1	1403016805.465	1403016809.395
1414	1	1403016809.395	1403016826.569
1415	2	1403016827.166	1403016836.951
1416	3	1403016837.284	1403016841.033
1417	4	1403016841.456	1403016850.04
1418	1	1403016850.344	1403017099.764
1419	4	1403017100.3	1403017120.352
1420	3	1403017120.685	1403017131.494
1421	2	1403017131.949	1403017138.298
1422	1	1403017138.833	1403017167.008
1423	1	1403017178.448	1403017184.056
1424	4	1403017184.811	1403017187.112
1425	4	1403017187.112	1403017369.375
1426	1	1403017369.747	1403017380.851
1427	4	1403017381.211	1403017401.804
1428	3	1403017402.416	1403017412.419
1429	4	1403017412.986	1403017418.666
1430	1	1403017419.036	1403017452.295
1431	2	1403017454.687	1403017481.245
1432	3	1403017483.866	1403017497.961
1433	4	1403017498.321	1403017652.713
1434	1	1403017654.795	1403017672.553
1435	3	1403017674.941	1403017723.81
1436	1	1403017726.535	1403017785.711
1437	2	1403017786.298	1403017795.812
1438	4	1403017797.489	1403017835.808
1439	1	1403017836.398	1403017883.432
1440	1	1403017883.432	1403017886.674
1441	4	1403017887.353	1403017993.025
1442	1	1403017993.22	1403018040.904
1443	2	1403018041.393	1403018050.268
1444	3	1403018050.66	1403018093.463
1445	4	1403018094.229	1403018103.479
1446	4	1403018103.479	1403018112.31
1447	1	1403018112.801	1403018163.807
1448	3	1403018166.669	1403018227.09
1449	1	1403018229.875	1403018270.361
1450	4	1403018270.823	1403018301.641
1451	3	1403018302.057	1403018307.247
1452	2	1403018307.808	1403018347.472
1453	4	1403018350.06	1403018359.775
1454	1	1403018360.34	1403018386.831
1455	2	1403018389.074	1403018395.172
1456	3	1403018395.507	1403018443.735
1457	4	1403018445.572	1403018717.609
1458	1	1403018718.062	1403018754.992
1459	3	1403018757.084	1403018759.119
1460	4	1403018759.467	1403018770.35
1461	1	1403018770.944	1403018791.624
1462	2	1403018792.013	1403018795.378
1463	3	1403018795.664	1403018798.766
1464	4	1403018800.25	1403018810.409
1465	3	1403018810.83	1403018815.536
1466	2	1403018815.905	1403018824.18
1467	4	1403018826.002	1403018830.361
1468	1	1403018830.887	1403018833.124
1469	1	1403018834.45	1403018985.695
1470	4	1403018986.094	1403018988.653
1471	3	1403018989.188	1403019004.024
1472	2	1403019005.171	1403019012.151
1473	3	1403019012.507	1403019016.13
1474	4	1403019016.56	1403019024.318
1475	1	1403019024.677	1403019050.116
1476	2	1403019052.331	1403019064.967
1477	1	1403019065.34	1403019224.508
1478	1	1403019226.249	1403019249.157
1479	3	1403019251.396	1403019261.746
1480	4	1403019263.587	1403019268.189
1481	3	1403019268.523	1403019337.5
1482	1	1403019339.516	1403019356.026
1483	4	1403019356.418	1403019363.715
1484	3	1403019364.068	1403019407.936
1485	4	1403019408.428	1403019414.993
1486	3	1403019415.414	1403019417.963
1487	2	1403019418.444	1403019464.147
1488	3	1403019464.547	1403019466.662
1489	4	1403019467.118	1403019480.632
1490	3	1403019480.901	1403019664.641
1491	1	1403019668.308	1403019679.176
1492	2	1403019679.677	1403019685.248
1493	3	1403019685.578	1403019692.239
1494	4	1403019692.597	1403019712.144
1495	1	1403019712.739	1403019715.135
1496	2	1403019715.509	1403019849.647
1497	1	1403019850.34	1403019853.333
1498	4	1403019853.852	1403019857.803
1499	3	1403019858.785	1403019899.312
1500	4	1403019899.672	1403019905.778
1501	1	1403019906.215	1403019910.552
1502	2	1403019915.717	1403020066.082
1503	1	1403020066.896	1403020147.58
1504	4	1403020148.212	1403020152.035
1505	3	1403020153.733	1403020156.449
1506	2	1403020159.789	1403020163.09
1507	3	1403020163.422	1403020170.177
1508	1	1403020172.056	1403020178.608
1509	4	1403020179.087	1403020189.517
1510	2	1403020191.178	1403020238.185
1511	3	1403020240.244	1403020248.24
1512	4	1403020248.697	1403020263.648
1513	1	1403020263.983	1403020347.443
1514	4	1403020347.758	1403020354.638
1515	3	1403020354.924	1403020391.94
1516	2	1403020392.386	1403020418.238
1517	1	1403020418.71	1403020450.539
1518	4	1403020451.069	1403020453.835
1519	3	1403020454.194	1403020702.766
1520	2	1403020703.911	1403020858.097
1521	3	1403020858.678	1403020862.741
1522	4	1403020863.959	1403020876.053
1523	1	1403020876.384	1403020894.22
1524	2	1403020894.959	1403020900.118
1525	1	1403020900.658	1403020960.023
1526	2	1403020961.283	1403020968.383
1527	3	1403020968.97	1403020971.102
1528	4	1403020971.658	1403020979.117
1529	3	1403020979.475	1403020990.198
1530	4	1403020990.555	1403020993.612
1531	1	1403020993.872	1403021024.324
1532	1	1403021024.324	1403021064.602
1533	2	1403021065.212	1403021080.133
1534	1	1403021080.594	1403021083.515
1535	4	1403021084.208	1403021101.256
1536	3	1403021102.572	1403021105.464
1537	3	1403021105.464	1403021126.145
1538	2	1403021126.736	1403021131.523
1539	1	1403021131.908	1403021196.24
1540	4	1403021196.816	1403021203.748
1541	1	1403021204.244	1403021216.403
1542	2	1403021217.065	1403021224.525
1543	1	1403021229.056	1403021249.251
1544	4	1403021249.684	1403021253.396
1545	3	1403021254.509	1403021257.098
1546	3	1403021257.098	1403021263.251
1547	4	1403021263.939	1403021286.725
1548	1	1403021287.097	1403021303.583
1549	2	1403021304.172	1403021346.941
1550	3	1403021347.464	1403021353.299
1551	4	1403021353.763	1403021359.256
1552	1	1403021360.349	1403021362.697
1553	1	1403021364.183	1403021464.531
1554	4	1403021465.185	1403021479.561
1555	3	1403021480.214	1403021486.811
1556	2	1403021487.388	1403021502.028
1557	1	1403021502.594	1403021522.821
1558	2	1403021525.095	1403021536.094
1559	3	1403021539.016	1403021560.196
1560	1	1403021563.664	1403021592.876
1561	2	1403021593.162	1403021780.134
1562	3	1403021781.358	1403021785.356
1563	4	1403021786.141	1403021789.959
1564	1	1403021790.381	1403021804.014
1565	2	1403021804.373	1403021807.29
1566	4	1403021809.623	1403021814.75
1567	4	1403021815.597	1403021826.04
1568	1	1403021826.503	1403021859.704
1569	2	1403021860.651	1403021866.044
1570	3	1403021866.471	1403021906.839
1571	2	1403021907.77	1403021912.53
1572	3	1403021912.829	1403021953.644
1573	4	1403021954.175	1403021965.512
1574	1	1403021965.512	1403022006.889
1575	2	1403022008.109	1403022011.304
1576	2	1403022011.304	1403022014.66
1577	2	1403022015.442	1403022021.284
1578	3	1403022021.841	1403022024.627
1579	1	1403022026.897	1403022097.961
1580	4	1403022098.387	1403022110.181
1581	3	1403022110.633	1403022169.777
1582	4	1403022170.197	1403022173.251
1583	1	1403022173.736	1403022181.935
1584	2	1403022183.476	1403022205.421
1585	3	1403022205.743	1403022225.196
1586	4	1403022225.596	1403022304.309
1587	1	1403022304.927	1403022306.93
1588	2	1403022307.453	1403022484.163
1589	1	1403022484.723	1403022537.431
1590	4	1403022538.436	1403022542.784
1591	3	1403022543.156	1403022551.056
1592	2	1403022552.224	1403022568.311
1593	3	1403022568.74	1403022571.474
1594	4	1403022572.321	1403022587.582
1595	1	1403022588.317	1403022637.642
1596	2	1403022638.027	1403022642.32
1597	1	1403022647.685	1403022674.588
1598	3	1403022676.208	1403022743.995
1599	4	1403022744.459	1403022753.102
1600	3	1403022753.36	1403022974.527
1601	4	1403022975.019	1403022978.674
1602	1	1403022979.17	1403023012.176
1603	2	1403023012.628	1403023015.514
1604	3	1403023017.429	1403023075.904
1605	4	1403023076.455	1403023085.769
1606	3	1403023086.164	1403023110.262
1607	4	1403023110.752	1403023113.085
1608	1	1403023113.517	1403023124.472
1609	2	1403023124.831	1403023369.622
1610	1	1403023370.006	1403023386.583
1611	4	1403023388.501	1403023404.978
1612	3	1403023405.338	1403023420.343
1613	2	1403023420.745	1403023456.447
1614	3	1403023456.925	1403023493.97
1615	1	1403023495.465	1403023547.718
1616	4	1403023548.195	1403023550.681
1617	3	1403023551.11	1403023567.762
1618	4	1403023568.381	1403023572.411
1619	1	1403023573.198	1403023587.471
1620	2	1403023588.005	1403023594.77
1621	4	1403023599.418	1403023612.007
1622	1	1403023612.258	1403023618.672
1623	2	1403023619.265	1403023621.886
1624	2	1403023621.886	1403023630.144
1625	1	1403023630.51	1403023642.949
1626	4	1403023643.266	1403023651.894
1627	3	1403023653.623	1403023713.086
1628	4	1403023715.568	1403023725.621
1629	1	1403023725.946	1403023740.788
1630	3	1403023741.929	1403023838.898
1631	1	1403023841.532	1403023856.937
1632	2	1403023857.699	1403023878.545
1633	1	1403023879.174	1403023888.503
1634	3	1403023891.105	1403023921.547
1635	4	1403023922.036	1403023946.123
1636	1	1403023946.496	1403024012.046
1637	2	1403024012.426	1403024016.476
1638	3	1403024016.81	1403024022.402
1639	3	1403024022.402	1403024053.414
1640	4	1403024053.935	1403024060.694
1641	1	1403024061.032	1403024120.922
1642	2	1403024121.435	1403024154.262
1643	1	1403024155.781	1403024163.115
1644	4	1403024166.89	1403024227.126
1645	1	1403024228.111	1403024256.623
1646	2	1403024257.088	1403024355.18
1647	3	1403024357.205	1403024368.255
1648	4	1403024368.646	1403024423.31
1649	3	1403024423.675	1403024437.333
1650	2	1403024437.783	1403024483.598
1651	3	1403024484.092	1403024486.478
1652	4	1403024486.936	1403024492.176
1653	1	1403024492.52	1403024505.429
1654	2	1403024506.351	1403024533.629
1655	3	1403024533.966	1403024536.911
1656	4	1403024537.559	1403024545.002
1657	3	1403024545.332	1403024564.925
1658	4	1403024565.386	1403024567.76
1659	1	1403024568.262	1403024606.892
1660	2	1403024607.308	1403024639.379
1661	3	1403024639.816	1403024669.484
1662	4	1403024669.842	1403024676.455
1663	3	1403024676.85	1403024692.287
1664	4	1403024693.34	1403024707.758
1665	1	1403024708.644	1403024796.563
1666	4	1403024797.077	1403024809.538
1667	3	1403024809.965	1403024892.859
1668	2	1403024894.506	1403024901.525
1669	1	1403024901.886	1403024910.474
1670	4	1403024910.834	1403024961.103
1671	3	1403024961.474	1403024967.739
1672	1	1403024968.693	1403025143.012
1673	3	1403025146.4	1403025149.931
1674	4	1403025150.288	1403025168.355
1675	3	1403025168.884	1403025190.25
1676	2	1403025190.703	1403025686.004
1677	3	1403025686.463	1403025694.296
1678	4	1403025694.725	1403025698.812
1679	1	1403025699.17	1403025757.008
1680	2	1403025757.608	1403025760.86
1681	3	1403025761.192	1403025764.705
1682	4	1403025765.06	1403025784.9
1683	3	1403025785.159	1403025788.004
1684	1	1403025794.134	1403025840.56
1685	2	1403025842.066	1403025849.182
1686	3	1403025849.708	1403025858.831
1687	3	1403025859.326	1403025871.306
1688	2	1403025872.185	1403025901.353
1689	3	1403025901.738	1403025932.738
1690	4	1403025933.334	1403025937.806
1691	3	1403025938.139	1403025951.53
1692	3	1403025951.53	1403025957.779
1693	2	1403025958.397	1403025960.577
1694	1	1403025961.033	1403025968.733
1695	4	1403025969.743	1403025998.909
1696	3	1403025999.279	1403026004.089
1697	2	1403026004.516	1403026176.277
1698	1	1403026176.804	1403026220.705
1699	2	1403026221.229	1403026228.988
1700	3	1403026229.445	1403026235.495
1701	4	1403026235.984	1403026239.725
1702	1	1403026240.109	1403026315.217
1703	2	1403026315.669	1403026333.125
1704	3	1403026333.537	1403026338.727
1705	4	1403026339.226	1403026355.6
1706	3	1403026356.05	1403026406.372
1707	1	1403026409.105	1403026659.047
1708	2	1403026659.42	1403026695.183
1709	3	1403026695.54	1403026697.946
1710	4	1403026698.234	1403026704.24
1711	3	1403026704.529	1403026725.318
1712	1	1403026728.895	1403026747.337
1713	4	1403026747.99	1403026775.646
1714	3	1403026776.105	1403026797.503
1715	1	1403026798.924	1403026846.554
1716	2	1403026847.041	1403027003.238
1717	1	1403027004.155	1403027027.111
1718	4	1403027027.672	1403027037.815
1719	1	1403027038.247	1403027043.758
1720	2	1403027045.028	1403027058.042
1721	3	1403027058.504	1403027061.715
1722	3	1403027061.715	1403027121.393
1723	4	1403027121.921	1403027144.671
1724	1	1403027145.0	1403027233.695
1725	2	1403027234.181	1403027316.449
1726	1	1403027316.85	1403027332.698
1727	1	1403027332.698	1403027365.273
1728	3	1403027367.811	1403027383.244
1729	4	1403027383.671	1403027396.994
1730	1	1403027399.205	1403027403.183
1731	2	1403027403.428	1403027409.118
1732	3	1403027409.442	1403027413.782
1733	4	1403027414.167	1403027416.989
1734	1	1403027417.361	1403027425.485
1735	1	1403027430.988	1403027577.719
1736	2	1403027579.592	1403027592.58
1737	1	1403027593.695	1403027604.97
1738	4	1403027607.208	1403027613.389
1739	4	1403027613.389	1403027627.589
1740	1	1403027628.376	1403027764.971
1741	2	1403027765.66	1403027772.104
1742	3	1403027774.115	1403027785.99
1743	4	1403027786.801	1403027789.532
1744	4	1403027789.532	1403027796.129
1745	4	1403027796.656	1403027803.113
1746	1	1403027803.505	1403027848.891
1747	2	1403027849.285	1403027852.009
1748	3	1403027854.196	1403027858.732
1749	4	1403027859.085	1403027862.259
1750	1	1403027862.874	1403028059.971
1751	4	1403028060.943	1403028103.955
1752	3	1403028104.38	1403028110.913
1753	2	1403028112.054	1403028115.511
1754	1	1403028115.849	1403028294.839
1755	1	1403028294.839	1403028316.615
1756	2	1403028317.636	1403028321.19
1757	3	1403028321.812	1403028324.801
1758	3	1403028324.801	1403028335.487
1759	4	1403028335.95	1403028338.21
1760	1	1403028338.501	1403028420.203
1761	2	1403028420.701	1403028466.349
1762	3	1403028466.883	1403028473.556
1763	4	1403028474.336	1403028481.584
1764	1	1403028481.948	1403028511.79
1765	3	1403028514.584	1403028517.764
1766	3	1403028522.172	1403028526.418
1767	1	1403028527.624	1403028530.082
1768	2	1403028530.397	1403028582.21
1769	3	1403028583.467	1403028596.981
1770	3	1403028596.981	1403028601.667
1771	4	1403028602.194	1403028694.143
1772	3	1403028694.929	1403028743.876
1773	4	1403028744.558	1403028749.107
1774	1	1403028749.632	1403028753.051
1775	1	1403028754.52	1403028762.213
1776	2	1403028762.648	1403028766.395
1777	3	1403028766.828	1403028770.563
1778	4	1403028771.011	1403028777.043
1779	1	1403028777.638	1403028807.312
1780	2	1403028807.68	1403028828.51
1781	1	1403028828.927	1403028830.973
1782	4	1403028836.043	1403028993.857
1783	3	1403028995.788	1403029001.404
1784	2	1403029002.335	1403029014.747
1785	4	1403029016.616	1403029019.894
1786	1	1403029020.378	1403029106.496
1787	2	1403029107.053	1403029117.814
1788	3	1403029118.515	1403029137.837
1789	4	1403029138.165	1403029141.269
1790	1	1403029141.528	1403031961.444
1791	4	1403031962.226	1403031966.81
1792	1	1403031967.211	1403035473.568
1793	2	1403035474.235	1403035644.673
1794	3	1403035645.255	1403035648.396
1795	4	1403035648.875	1403035669.833
1796	3	1403035670.162	1403035674.442
1797	2	1403035674.801	1403035695.829
1798	1	1403035696.386	1403035744.096
1799	4	1403035746.808	1403035754.3
1800	1	1403035755.089	1403035778.247
1801	2	1403035778.801	1403035784.033
1802	3	1403035784.43	1403035791.819
1803	4	1403035792.963	1403035810.807
1804	3	1403035811.17	1403035853.696
1805	3	1403035853.696	1403035861.668
1806	2	1403035862.404	1403035869.288
1807	3	1403035870.869	1403035881.428
1808	2	1403035883.234	1403035898.474
1809	3	1403035898.761	1403035903.442
1810	1	1403035905.235	1403035923.196
1811	2	1403035923.847	1403036175.315
1812	1	1403036175.709	1403036185.343
1813	4	1403036185.801	1403036205.275
1814	3	1403036205.706	1403036222.286
1815	2	1403036223.103	1403036230.857
1816	1	1403036231.481	1403036268.385
1817	2	1403036268.845	1403036345.52
1818	1	1403036345.98	1403036369.119
1819	4	1403036369.643	1403036372.655
1820	3	1403036373.051	1403036423.683
1821	2	1403036423.98	1403036448.316
1822	1	1403036448.751	1403036453.504
1823	4	1403036455.769	1403036493.325
1824	3	1403036493.685	1403036531.636
1825	1	1403036534.121	1403036611.672
1826	2	1403036612.486	1403036616.391
1827	3	1403036617.251	1403036619.767
1828	4	1403036620.512	1403036622.539
1829	1	1403036626.446	1403036688.945
1830	2	1403036689.402	1403036716.662
1831	3	1403036717.048	1403036719.724
1832	4	1403036720.016	1403036723.644
1833	1	1403036723.95	1403036740.243
1834	1	1403036740.243	1403036894.133
1835	1	1403036894.133	1403037358.155
1836	2	1403037358.615	1403037381.353
1837	3	1403037381.943	1403037383.959
1838	4	1403037384.452	1403037390.197
1839	1	1403037390.622	1403037523.825
1840	2	1403037524.907	1403037560.225
1841	1	1403037560.521	1403038019.762
1842	2	1403038021.019	1403038089.43
1843	3	1403038090.063	1403038093.446
1844	1	1403038095.398	1403038223.391
1845	1	1403038442.482	1403039164.049
1846	2	1403039165.82	1403039180.285
1847	3	1403039181.361	1403039183.917
1848	1	1403039187.847	1403039193.294
1849	1	1403039193.294	1403039409.996
1850	2	1403039410.69	1403039504.262
1851	3	1403039504.916	1403039510.712
1852	4	1403039511.306	1403039514.825
1853	1	1403039515.52	1403039531.062
1854	2	1403039531.392	1403039549.379
1855	1	1403039549.961	1403039693.648
1856	2	1403039694.394	1403039699.93
1857	3	1403039700.418	1403039703.241
1858	4	1403039704.387	1403039711.352
1859	1	1403039714.048	1403039805.413
1860	2	1403039806.374	1403039978.013
1861	3	1403039978.733	1403039981.321
1862	1	1403039986.199	1403040156.976
1863	2	1403040157.825	1403040368.974
1864	1	1403040372.456	1403040434.845
1865	4	1403040435.56	1403040438.953
1866	3	1403040443.444	1403040459.552
1867	4	1403040460.072	1403040468.506
1868	3	1403040468.836	1403040473.693
1869	3	1403040473.693	1403040477.673
1870	1	1403040479.437	1403040732.87
1871	2	1403040736.818	1403040912.521
1872	1	1403040913.396	1403040975.048
1873	4	1403040975.901	1403040982.417
1874	3	1403040982.886	1403040986.873
1875	2	1403040987.258	1403041199.796
1876	3	1403041208.172	1403041210.457
1877	2	1403041210.85	1403051314.185
1878	2	1403042400.0	1403051314.185
1879	1	1403051315.834	1403051351.555
1880	2	1403051352.173	1403051504.93
1881	3	1403051506.173	1403051518.425
1882	2	1403051518.764	1403051589.746
1883	1	1403051590.661	1403051614.322
1884	2	1403051616.487	1403051916.692
1885	1	1403051922.095	1403051926.361
1886	1	1403051926.361	1403051932.543
1887	2	1403051933.034	1403052004.639
1888	3	1403052007.195	1403052012.37
1889	2	1403052012.674	1403052118.226
1890	1	1403052119.508	1403052122.144
1891	2	1403052122.602	1403052440.149
1892	3	1403052440.803	1403052447.611
1893	4	1403052448.535	1403052472.789
1894	2	1403052477.185	1403052829.308
1895	1	1403052831.932	1403052844.825
1896	2	1403052845.203	1403052868.11
1897	2	1403052868.11	1403053057.174
1898	3	1403053061.269	1403053063.419
1899	4	1403053064.203	1403053086.331
1900	1	1403053086.689	1403053092.038
1901	2	1403053093.522	1403053228.17
1902	1	1403053228.789	1403053239.813
1903	2	1403053240.199	1403053243.514
1904	4	1403053247.923	1403053303.542
1905	2	1403053304.958	1403062330.479
1906	3	1403062331.753	1403062354.165
1907	2	1403062354.728	1403062357.386
1908	1	1403062358.122	1403062460.734
1909	2	1403062461.314	1403063306.082
1910	3	1403063306.703	1403063312.203
1911	4	1403063312.967	1403063337.56
1912	1	1403063339.744	1403063363.686
1913	2	1403063365.642	1403063371.545
1914	3	1403063372.042	1403063384.304
1915	4	1403063385.219	1403063411.976
1916	1	1403063412.418	1403063425.736
1917	2	1403063426.152	1403063476.4
1918	3	1403063477.843	1403063489.326
1919	4	1403063489.675	1403063500.627
1920	1	1403063501.118	1403063514.467
1921	2	1403063514.857	1403063850.44
1922	4	1403063853.203	1403063861.335
1923	1	1403063861.827	1403063866.686
1924	3	1403063869.408	1403063872.994
1925	4	1403063873.299	1403063917.384
1926	1	1403063917.756	1403063923.498
1927	2	1403063923.882	1403063943.65
1928	3	1403063944.109	1403063954.124
1929	4	1403063954.641	1403063961.021
1930	1	1403063961.325	1403063965.558
1931	4	1403063966.388	1403063969.848
1932	3	1403063970.472	1403063995.692
1933	2	1403063997.468	1403064001.509
1934	2	1403064001.509	1403064005.279
1935	2	1403064005.279	1403064065.567
1936	2	1403064076.157	1403064120.519
1937	1	1403064122.697	1403064127.587
1938	3	1403064130.023	1403064132.159
1939	4	1403064132.42	1403064135.219
1940	1	1403064306.683	1403064309.49
1941	2	1403064309.869	1403068586.161
1942	1	1403068586.855	1403068606.138
1943	2	1403068606.529	1403068737.383
1944	3	1403068738.231	1403068745.053
1945	2	1403068745.578	1403068997.405
1946	1	1403068998.043	1403069000.929
1947	4	1403069001.609	1403069015.425
1948	1	1403069015.724	1403069019.083
1949	2	1403069019.513	1403069104.481
1950	1	1403069104.744	1403069107.476
1951	2	1403069109.449	1403069116.759
1952	2	1403069118.979	1403069596.69
1953	2	1403069599.278	1403071038.409
1954	3	1403071039.819	1403071051.065
1955	2	1403071051.523	1403071344.5
1956	1	1403071345.282	1403071352.088
1957	2	1403071352.504	1403071361.62
1958	3	1403071363.453	1403071365.77
1959	3	1403071365.77	1403071368.694
1960	3	1403071368.694	1403071382.891
1961	4	1403071393.233	1403071401.137
1962	1	1403071404.676	1403071443.165
1963	2	1403071443.463	1403071450.916
1964	2	1403071450.916	1403071453.791
1965	3	1403071456.476	1403071458.84
1966	3	1403071459.303	1403071464.871
1967	3	1403071464.871	1403071467.22
1968	3	1403071467.22	1403071469.825
1969	4	1403071470.372	1403071474.757
1970	1	1403071475.354	1403071482.942
1971	4	1403071483.638	1403071486.603
1972	3	1403071487.02	1403071495.266
1973	2	1403071498.638	1403071547.482
1974	3	1403071550.345	1403071553.816
1975	2	1403071557.791	1403071824.908
1976	1	1403071830.151	1403071832.428
1977	2	1403071832.775	1403071894.957
1978	3	1403071899.683	1403071910.259
1979	2	1403071910.548	1403072133.389
1980	3	1403072136.081	1403072141.865
1981	3	1403072141.865	1403072144.293
1982	3	1403072144.293	1403072162.964
1983	4	1403072165.226	1403072167.744
1984	1	1403072168.925	1403072172.219
1985	2	1403072172.71	1403072175.45
1986	3	1403072176.034	1403072179.088
1987	4	1403072179.874	1403072191.751
1988	1	1403072192.012	1403072196.805
1989	2	1403072197.581	1403072209.763
1990	4	1403072211.392	1403072216.379
1991	1	1403072216.616	1403072279.928
1992	2	1403072280.328	1403072389.666
1993	3	1403072392.286	1403072395.858
1994	4	1403072398.211	1403072405.656
1995	4	1403072405.656	1403072408.036
1996	4	1403072408.036	1403072410.176
1997	4	1403072423.994	1403072430.395
1998	1	1403072435.683	1403072438.264
1999	2	1403072438.65	1403072559.011
2000	2	1403072559.011	1403072719.622
2001	1	1403072720.287	1403072722.341
2002	4	1403072722.905	1403072725.303
2003	3	1403072725.898	1403072732.745
2004	1	1403072734.696	1403072737.838
2005	4	1403072738.43	1403072744.904
2006	3	1403072745.921	1403072749.933
2007	2	1403072750.383	1403072752.396
2008	1	1403072754.837	1403072803.711
2009	4	1403072805.275	1403072813.9
2010	1	1403072814.24	1403072834.913
2011	1	1403072834.913	1403072852.454
2012	2	1403072853.216	1403072855.341
2013	2	1403072855.341	1403072940.021
2014	2	1403072950.085	1403073253.415
2015	3	1403073254.005	1403073258.966
2016	4	1403073259.534	1403073262.925
2017	2	1403073264.988	1403073369.885
2018	3	1403073370.737	1403073374.012
2019	3	1403073374.012	1403073377.188
2020	2	1403073381.265	1403073611.178
2021	3	1403073611.672	1403073624.034
2022	4	1403073626.466	1403073629.086
2023	1	1403073629.557	1403073639.947
2024	2	1403073640.37	1403073643.591
2025	3	1403073643.973	1403073705.538
2026	2	1403073706.498	1403073964.261
2027	3	1403073970.916	1403073976.477
2028	4	1403073977.185	1403073979.641
2029	1	1403073980.103	1403074019.833
2030	2	1403074020.465	1403074024.548
2031	3	1403074026.382	1403074080.472
2032	2	1403074081.098	1403074123.446
2033	3	1403074124.034	1403074130.733
2034	4	1403074131.513	1403074136.637
2035	1	1403074137.054	1403074140.579
2036	2	1403074140.976	1403074519.728
2037	1	1403074520.52	1403074583.063
2038	2	1403074583.801	1403074586.688
2039	4	1403074590.282	1403074594.778
2040	1	1403074595.075	1403074599.311
2041	2	1403074599.68	1403074721.295
2042	1	1403074721.908	1403074738.89
2043	2	1403074739.282	1403075843.888
2044	3	1403075847.007	1403075851.113
2045	4	1403075852.785	1403075858.727
2046	1	1403075859.35	1403075866.432
2047	2	1403075866.992	1403075912.065
2048	3	1403075914.947	1403075917.934
2049	3	1403075917.934	1403075933.99
2050	2	1403075937.033	1403078915.479
2051	1	1403078917.28	1403078950.51
2052	2	1403078950.942	1403078953.668
2053	3	1403078954.385	1403078964.359
2054	4	1403078965.25	1403078969.639
2055	1	1403078970.027	1403078972.141
2056	2	1403078972.395	1403079223.577
2057	1	1403079223.999	1403079226.685
2058	4	1403079227.371	1403079269.956
2059	1	1403079270.345	1403079279.035
2060	4	1403079279.396	1403079282.389
2061	3	1403079282.858	1403079298.023
2062	1	1403079300.476	1403079303.044
2063	2	1403079303.37	1403079364.77
2064	2	1403079367.683	1403079670.972
2065	1	1403079671.462	1403079709.678
2066	1	1403082687.687	1403082707.448
2067	2	1403082707.732	1403083033.348
2068	3	1403083035.094	1403083079.887
2069	2	1403083080.472	1403083090.748
2070	1	1403083091.762	1403083112.834
2071	4	1403083113.376	1403083121.507
2072	2	1403083122.746	1403083537.204
2073	1	1403083537.805	1403083543.504
2074	4	1403083543.971	1403083548.539
2075	3	1403083548.97	1403083558.095
2076	2	1403083558.684	1403083586.916
2077	1	1403083587.378	1403083595.297
2078	1	1403083595.297	1403083612.023
2079	4	1403083612.447	1403083617.453
2080	2	1403083619.913	1403083776.654
2081	3	1403083779.109	1403083783.701
2082	4	1403083784.53	1403083826.574
2083	1	1403083827.35	1403083854.028
2084	2	1403083854.583	1403083867.74
2085	3	1403083868.488	1403083885.173
2086	4	1403083885.792	1403083905.3
2087	1	1403083905.86	1403083908.584
2088	2	1403083909.44	1403083924.817
2089	3	1403083925.519	1403083927.708
2090	3	1403083927.708	1403083933.273
2091	4	1403083933.635	1403083971.222
2092	3	1403083975.094	1403083981.398
2093	2	1403083981.925	1403084001.101
2094	1	1403084001.596	1403084023.7
2095	2	1403084027.549	1403084066.691
2096	1	1403084068.232	1403084090.439
2097	2	1403084091.035	1403084164.352
2098	3	1403084164.906	1403084168.55
2099	4	1403084172.66	1403084177.691
2100	4	1403084177.691	1403084189.935
2101	1	1403084192.694	1403084197.11
2102	2	1403084203.368	1403084206.483
2103	2	1403084206.483	1403084320.747
2104	1	1403084321.274	1403084325.251
2105	1	1403084325.251	1403084328.142
2106	4	1403084328.561	1403084335.493
2107	2	1403084336.578	1403084691.03
2108	3	1403084692.04	1403084695.49
2109	3	1403084695.857	1403084716.545
2110	2	1403084716.86	1403085164.095
2111	3	1403085164.514	1403085169.306
2112	4	1403085169.829	1403085172.265
2113	1	1403085172.522	1403085200.022
2114	2	1403085200.49	1403085305.628
2115	4	1403085309.493	1403085312.097
2116	4	1403085312.097	1403085317.889
2117	2	1403085319.803	1403085328.487
2118	3	1403085329.376	1403085368.768
2119	4	1403085369.38	1403085375.693
2120	1	1403085376.219	1403085387.927
2121	2	1403085388.253	1403085418.246
2122	3	1403085419.09	1403085575.372
2123	2	1403085576.216	1403085585.769
2124	3	1403085586.331	1403085608.852
2125	3	1403085600.0	1403085608.852
2126	4	1403085609.442	1403085664.476
2127	1	1403085665.035	1403085686.15
2128	2	1403085686.797	1403085689.107
2129	3	1403085690.551	1403085696.918
2130	2	1403085700.086	1403085859.393
2131	3	1403085860.093	1403085863.017
2132	2	1403085870.719	1403085939.416
2133	1	1403085940.118	1403086077.301
2134	2	1403086077.706	1403086156.139
2135	2	1403086162.066	1403086165.382
2136	3	1403086165.967	1403086283.907
2137	3	1403086381.623	1403086399.769
2138	4	1403086400.125	1403086403.579
2139	1	1403086404.044	1403086420.171
2140	2	1403086420.53	1403086429.487
2141	3	1403086432.79	1403086440.838
2142	4	1403086441.531	1403086448.927
2143	3	1403086449.45	1403086460.283
2144	2	1403086460.717	1403086737.776
2145	3	1403086738.296	1403086764.637
2146	2	1403086765.091	1403086800.625
2147	1	1403086801.017	1403086842.81
2148	4	1403086843.372	1403086867.055
2149	3	1403086867.394	1403086869.466
2150	2	1403086874.93	1403086954.634
2151	4	1403086957.321	1403086969.004
2152	3	1403086969.651	1403087021.659
2153	2	1403087022.231	1403087045.16
2154	1	1403087049.201	1403087076.457
2155	2	1403087076.821	1403087110.522
2156	3	1403087111.599	1403087117.611
2157	4	1403087117.981	1403087123.884
2158	2	1403087125.447	1403087322.902
2159	3	1403087323.651	1403087328.315
2160	3	1403087329.034	1403087336.399
2161	2	1403087336.768	1403087416.128
2162	3	1403087418.908	1403087422.694
2163	2	1403087422.998	1403087501.101
2164	1	1403087501.602	1403087510.165
2165	1	1403087510.165	1403087516.286
2166	2	1403087520.649	1403087619.003
2167	3	1403087619.57	1403087625.728
2168	4	1403087630.505	1403087641.958
2169	4	1403087643.571	1403087653.46
2170	2	1403087654.85	1403087908.923
2171	3	1403087911.21	1403087929.964
2172	2	1403087930.378	1403087969.227
2173	3	1403087972.346	1403087995.464
2174	2	1403087995.984	1403088055.312
2175	3	1403088059.252	1403088066.202
2176	2	1403088066.495	1403088128.913
2177	1	1403088129.51	1403088158.282
2178	2	1403088158.673	1403088162.979
2179	3	1403088163.711	1403088187.53
2180	2	1403088187.82	1403088322.068
2181	2	1403088325.461	1403088713.872
2182	3	1403088714.589	1403088722.496
2183	2	1403088722.785	1403088756.736
2184	1	1403088757.309	1403088794.373
2185	3	1403088796.585	1403088837.785
2186	2	1403088838.408	1403088869.479
2187	3	1403088870.134	1403088876.241
2188	3	1403088880.332	1403088996.437
2189	2	1403088996.987	1403089026.844
2190	3	1403089027.333	1403089037.449
2191	4	1403089037.961	1403089061.173
2192	3	1403089062.97	1403089067.156
2193	4	1403089067.498	1403089069.754
2194	1	1403089070.028	1403089104.589
2195	2	1403089105.074	1403089431.619
2196	3	1403089432.338	1403089444.849
2197	4	1403089445.34	1403089453.44
2198	4	1403089457.497	1403089468.094
2199	1	1403089468.542	1403089475.842
2200	3	1403089477.065	1403089479.719
2201	2	1403089480.165	1403089792.69
2202	2	1403089792.69	1403091001.42
2203	3	1403091002.076	1403091039.426
2204	1	1403091041.69	1403091048.128
2205	2	1403091048.606	1403091090.767
2206	3	1403091091.186	1403091095.92
2207	4	1403091096.805	1403091104.025
2208	2	1403091105.543	1403091268.126
2209	2	1403091268.733	1403091294.474
2210	3	1403091294.895	1403091309.368
2211	2	1403091309.921	1403091314.897
2212	1	1403091315.722	1403091340.23
2213	2	1403091340.647	1403091356.965
2214	3	1403091357.404	1403091361.205
2215	4	1403091361.661	1403091364.457
2216	4	1403091364.457	1403091497.268
2217	3	1403091497.659	1403091510.971
2218	4	1403091511.661	1403091517.651
2219	1	1403091518.148	1403091524.286
2220	1	1403091524.286	1403091528.5
2221	3	1403091530.403	1403091533.429
2222	2	1403091533.786	1403091565.495
2223	3	1403091565.955	1403091629.724
2224	2	1403091630.351	1403091667.883
2225	1	1403091668.578	1403091672.619
2226	1	1403091672.619	1403091678.45
2227	1	1403091678.45	1403091731.635
2228	2	1403091732.386	1403091748.275
2229	3	1403091750.078	1403091752.223
2230	4	1403091752.635	1403091820.03
2231	1	1403091821.088	1403091826.549
2232	2	1403091827.897	1403091835.001
2233	3	1403091835.975	1403091851.334
2234	4	1403091852.874	1403091857.882
2235	1	1403091858.363	1403091877.465
2236	2	1403091877.753	1403091907.495
2237	3	1403091907.973	1403092037.451
2238	2	1403092037.934	1403092043.524
2239	3	1403092043.857	1403092046.972
2240	2	1403092047.47	1403092507.773
2241	3	1403092508.632	1403092522.79
2242	4	1403092523.38	1403092530.475
2243	2	1403092531.724	1403092553.763
2244	2	1403092553.763	1403092839.467
2245	3	1403092840.045	1403092844.2
2246	4	1403092844.69	1403092848.061
2247	2	1403092850.936	1403092926.038
2248	1	1403092926.375	1403092929.163
2249	3	1403092931.26	1403092953.677
2250	2	1403092954.068	1403092991.736
2251	3	1403092992.127	1403092996.411
2252	4	1403092996.8	1403093115.059
2253	3	1403093115.879	1403093123.679
2254	4	1403093124.309	1403093127.614
2255	1	1403093128.166	1403093152.573
2256	2	1403093153.002	1403093233.479
2257	2	1403093236.692	1403093317.445
2258	1	1403093318.015	1403093325.331
2259	4	1403093325.69	1403093649.935
2260	3	1403093650.464	1403093655.669
2261	2	1403093657.731	1403093725.782
2262	3	1403093728.576	1403093735.176
2263	4	1403093737.507	1403093775.895
2264	1	1403093776.455	1403093826.538
2265	2	1403093827.112	1403093861.533
2266	3	1403093862.001	1403093865.717
2267	4	1403093866.085	1403093873.424
2268	1	1403093874.084	1403093888.619
2269	2	1403093890.548	1403094032.222
2270	4	1403094034.648	1403094096.834
2271	3	1403094098.31	1403094159.872
2272	2	1403094160.488	1403094163.998
2273	1	1403094164.394	1403094181.663
2274	2	1403094182.177	1403094187.405
2275	3	1403094187.829	1403094190.276
2276	4	1403094190.648	1403094193.006
2277	3	1403094196.582	1403094205.832
2278	2	1403094206.383	1403094673.822
2279	3	1403094674.87	1403094678.337
2280	3	1403094678.337	1403094682.625
2281	4	1403094683.023	1403094685.551
2282	2	1403094686.908	1403094843.823
2283	3	1403094844.857	1403094853.629
2284	4	1403094854.061	1403094873.167
2285	3	1403094873.54	1403094892.957
2286	2	1403094893.679	1403097090.719
2287	1	1403097091.497	1403097139.777
2288	2	1403097140.304	1403097765.424
2289	3	1403097766.997	1403097771.167
2290	3	1403097771.167	1403097779.551
2291	4	1403097782.036	1403097784.368
2292	4	1403097785.12	1403097794.54
2293	1	1403097795.005	1403097798.918
2294	2	1403097799.41	1403097895.09
2295	3	1403097896.01	1403097900.456
2296	4	1403097903.265	1403097905.996
2297	4	1403097905.996	1403097908.553
2298	4	1403097908.553	1403097947.174
2299	1	1403097947.468	1403098074.9
2300	2	1403098075.367	1403098145.034
2301	3	1403098146.641	1403098151.663
2302	4	1403098153.293	1403098155.753
2303	4	1403098157.606	1403098159.611
2304	1	1403098159.935	1403098162.19
2305	2	1403098162.541	1403098165.434
2306	3	1403098165.731	1403098174.835
2307	4	1403098175.13	1403098193.36
2308	2	1403098194.761	1403098336.601
2309	2	1403098338.102	1403098365.803
2310	3	1403098366.324	1403098376.646
2311	4	1403098377.064	1403098379.314
2312	1	1403098380.571	1403098386.029
2313	2	1403098386.354	1403098688.813
2314	1	1403098690.222	1403098693.898
2315	3	1403098695.741	1403098698.311
2316	2	1403098698.664	1403098792.881
2317	3	1403098793.474	1403098797.694
2318	1	1403098799.472	1403098808.492
2319	2	1403098809.292	1403098820.357
2320	3	1403098820.585	1403098825.196
2321	4	1403098825.548	1403098830.923
2322	2	1403098832.246	1403098871.938
2323	3	1403098872.631	1403098879.688
2324	4	1403098880.021	1403098887.002
2325	2	1403098888.584	1403099023.508
2326	1	1403099025.027	1403099046.883
2327	2	1403099047.31	1403099118.84
2328	3	1403099119.507	1403099121.536
2329	3	1403099121.536	1403099123.865
2330	4	1403099126.187	1403099134.287
2331	1	1403099137.767	1403099143.965
2332	2	1403099144.243	1403099208.97
2333	4	1403099213.135	1403099221.741
2334	1	1403099222.026	1403099241.051
2335	2	1403099241.465	1403100169.309
2336	3	1403100170.155	1403100174.803
2337	2	1403100175.187	1403100378.567
2338	1	1403100379.758	1403100384.185
2339	3	1403100385.935	1403100388.07
2340	2	1403100388.463	1403100796.595
2341	1	1403100799.074	1403100839.764
2342	4	1403100840.186	1403100843.764
2343	4	1403100843.764	1403100846.383
2344	3	1403100846.703	1403100852.794
2345	2	1403100855.08	1403100950.772
2346	3	1403100951.326	1403100957.412
2347	4	1403100957.88	1403100961.059
2348	2	1403100962.561	1403101026.842
2349	2	1403101026.842	1403101046.076
2350	3	1403101046.694	1403101094.299
2351	2	1403101094.56	1403101107.927
2352	1	1403101108.524	1403101134.005
2353	2	1403101134.539	1403101604.36
2354	3	1403101604.851	1403101608.021
2355	4	1403101608.48	1403101634.153
2356	1	1403101634.507	1403101636.901
2357	2	1403101637.224	1403101804.392
2358	3	1403101804.985	1403101821.073
2359	2	1403101821.533	1403101826.984
2360	1	1403101827.542	1403101840.36
2361	4	1403101840.884	1403101847.332
2362	3	1403101847.932	1403101853.456
2363	2	1403101853.818	1403101930.687
2364	3	1403101931.145	1403101947.297
2365	4	1403101948.195	1403101954.418
2366	1	1403101956.506	1403101962.833
2367	3	1403101965.435	1403101975.905
2368	2	1403101976.854	1403101980.703
2369	3	1403101981.369	1403102000.922
2370	2	1403102001.247	1403102021.683
2371	1	1403102022.348	1403102026.053
2372	1	1403102026.053	1403102035.846
2373	4	1403102036.421	1403102046.055
2374	3	1403102046.42	1403102061.036
2375	2	1403102061.503	1403105482.916
2376	3	1403105483.728	1403105500.526
2377	4	1403105502.038	1403105505.272
2378	1	1403105505.706	1403105620.21
2379	2	1403105622.709	1403105854.53
2380	3	1403105855.083	1403105858.166
2381	3	1403105858.166	1403105862.171
2382	2	1403105864.263	1403106083.779
2383	3	1403106084.384	1403106093.788
2384	4	1403106094.307	1403106098.481
2385	1	1403106098.903	1403106104.634
2386	2	1403106105.094	1403106107.598
2387	3	1403106108.586	1403106113.394
2388	2	1403106113.652	1403106324.26
2389	3	1403106326.459	1403106328.823
2390	3	1403106329.047	1403106335.294
2391	2	1403106335.922	1403106341.113
2392	2	1403106341.113	1403106377.858
2393	1	1403106378.346	1403106387.654
2394	4	1403106388.049	1403106392.681
2395	1	1403106393.118	1403106397.693
2396	2	1403106398.114	1403106735.443
2397	3	1403106736.126	1403106748.491
2398	2	1403106749.437	1403106849.23
2399	3	1403106849.692	1403106887.599
2400	2	1403106887.983	1403106904.489
2401	1	1403106905.077	1403106920.91
2402	1	1403106920.91	1403106928.658
2403	1	1403106930.352	1403106933.726
2404	2	1403106937.233	1403107094.791
2405	3	1403107095.477	1403107112.459
2406	2	1403107112.986	1403107123.147
2407	3	1403107124.919	1403107132.347
2408	2	1403107132.812	1403107251.363
2409	3	1403107252.079	1403107258.293
2410	2	1403107258.632	1403107403.92
2411	3	1403107404.707	1403107410.697
2412	2	1403107411.012	1403107417.427
2413	1	1403107418.027	1403107427.261
2414	2	1403107427.682	1403107475.789
2415	3	1403107476.354	1403107484.612
2416	2	1403107485.006	1403107959.192
2417	3	1403107960.23	1403107970.214
2418	2	1403107970.598	1403108054.854
2419	1	1403108055.617	1403108072.477
2420	4	1403108073.592	1403108097.152
2421	2	1403108098.688	1403108169.137
2422	3	1403108176.989	1403108182.261
2423	3	1403108182.261	1403108192.309
2424	3	1403108192.837	1403108203.528
2425	2	1403108205.811	1403108349.496
2426	3	1403108356.756	1403108380.014
2427	2	1403108380.377	1403113686.486
2428	3	1403113687.342	1403113705.877
2429	4	1403113706.278	1403113708.78
2430	1	1403113711.4	1403113716.993
2431	1	1403113717.424	1403113721.462
2432	2	1403113721.795	1403113929.205
2433	3	1403113930.463	1403113935.702
2434	3	1403113935.702	1403113941.565
2435	2	1403113942.001	1403114031.413
2436	1	1403114032.225	1403114046.645
2437	2	1403114049.372	1403114300.426
2438	3	1403114301.207	1403114304.098
2439	3	1403114304.992	1403114339.369
2440	2	1403114340.22	1403114372.503
2441	3	1403114373.028	1403114379.243
2442	4	1403114379.932	1403114432.535
2443	1	1403114433.06	1403114558.977
2444	2	1403114559.73	1403114561.823
2445	2	1403114561.823	1403114568.143
2446	3	1403114570.335	1403114575.942
2447	2	1403114576.227	1403120004.561
2448	1	1403120005.388	1403120008.568
2449	1	1403120008.568	1403120180.128
2450	4	1403120181.513	1403120198.802
2451	3	1403120199.554	1403120207.984
2452	2	1403120208.549	1403120222.958
2453	3	1403120223.512	1403120285.206
2454	2	1403120286.248	1403120313.74
2455	3	1403120314.823	1403120332.539
2456	2	1403120332.958	1403120639.718
2457	1	1403120640.888	1403120723.194
2458	2	1403120723.76	1403120728.078
2459	3	1403120728.571	1403120732.81
2460	4	1403120733.365	1403120739.227
2461	3	1403120739.521	1403120741.575
2462	2	1403120742.024	1403120752.151
2463	3	1403120752.932	1403120765.776
2464	2	1403120766.113	1403120817.529
2465	1	1403120818.155	1403120825.519
2466	2	1403120825.883	1403120827.981
2467	3	1403120830.402	1403120840.106
2468	2	1403120840.362	1403120875.761
2469	2	1403120875.761	1403120882.215
2470	3	1403120890.156	1403120904.39
2471	2	1403120905.202	1403121322.056
2472	2	1403121322.056	1403121362.599
2473	3	1403121363.142	1403121374.021
2474	2	1403121374.357	1403121426.502
2475	1	1403121427.106	1403121531.411
2476	2	1403121531.933	1403121537.008
2477	3	1403121537.492	1403121542.843
2478	4	1403121543.237	1403121546.113
2479	1	1403121546.509	1403121597.118
2480	4	1403121597.977	1403121613.651
2481	3	1403121616.447	1403121622.672
2482	2	1403121624.084	1403121628.684
2483	2	1403121630.426	1403121640.943
2484	1	1403121642.663	1403121734.188
2485	2	1403121734.807	1403121740.362
2486	1	1403121742.951	1403121813.3
2487	1	1403121813.3	1403122147.959
2488	2	1403122147.959	1403124873.033
2489	3	1403124873.653	1403124876.448
2490	3	1403124876.448	1403124887.726
2491	2	1403124888.098	1403124890.258
2492	1	1403124891.001	1403124967.876
2493	2	1403124968.659	1403124971.582
2494	2	1403124971.582	1403124975.305
2495	1	1403124975.8	1403130611.284
2496	1	1403128800.0	1403130611.284
2497	2	1403130611.682	1403131774.356
2498	1	1403131776.255	1403136407.255
2499	2	1403136409.639	1403136742.312
2500	3	1403136743.953	1403136748.553
2501	3	1403136748.553	1403136751.556
2502	3	1403136751.556	1403136759.842
2503	4	1403136760.266	1403136762.758
2504	4	1403136762.758	1403136776.292
2505	1	1403136776.721	1403136778.782
2506	1	1403136779.693	1403136831.334
2507	2	1403136831.726	1403153248.513
2508	3	1403153249.594	1403153267.07
2509	2	1403153267.362	1403153763.867
2510	1	1403153764.755	1403153816.358
2511	2	1403153816.646	1403154069.118
2512	3	1403154069.977	1403154078.939
2513	2	1403154079.501	1403159063.691
2514	3	1403159064.545	1403159085.17
2515	2	1403159086.487	1403159661.188
2516	3	1403159661.976	1403159685.8
2517	4	1403159686.651	1403159697.29
2518	1	1403159699.842	1403159704.646
2519	2	1403159705.127	1403159710.718
2520	1	1403159711.772	1403159720.244
2521	3	1403159722.953	1403159726.325
2522	2	1403159728.865	1403160163.389
2523	3	1403160164.067	1403160171.16
2524	3	1403160174.163	1403160215.841
2525	2	1403160216.169	1403160238.735
2526	1	1403160239.595	1403160256.21
2527	2	1403160256.499	1403160258.662
2528	3	1403160259.324	1403160266.065
2529	4	1403160266.487	1403160268.675
2530	2	1403160271.114	1403160331.427
2531	3	1403160331.785	1403160347.818
2532	3	1403160347.818	1403160471.902
2533	2	1403160474.274	1403160862.365
2534	3	1403160863.049	1403160865.35
2535	3	1403160866.884	1403160872.124
2536	4	1403160872.604	1403160879.84
2537	4	1403160881.709	1403160884.074
2538	2	1403160888.889	1403160979.033
2539	1	1403160980.09	1403160999.964
2540	2	1403161000.423	1403161041.737
2541	3	1403161042.288	1403161058.582
2542	4	1403161059.037	1403161137.543
2543	2	1403161139.286	1403161221.53
2544	3	1403161222.054	1403161224.47
2545	4	1403161224.964	1403161595.399
2546	1	1403161595.87	1403161615.817
2547	2	1403161616.377	1403161720.248
2548	3	1403161720.769	1403161729.523
2549	4	1403161729.913	1403161732.203
2550	1	1403161732.564	1403161735.478
2551	2	1403161735.832	1403161785.009
2552	3	1403161785.437	1403161987.536
2553	2	1403161990.177	1403162226.266
2554	3	1403162226.691	1403162229.087
2555	4	1403162229.525	1403162235.244
2556	1	1403162235.548	1403162270.254
2557	2	1403162270.541	1403162595.294
2558	3	1403162595.788	1403162601.522
2559	4	1403162601.891	1403162638.235
2560	2	1403162639.388	1403162800.745
2561	3	1403162802.743	1403162807.233
2562	2	1403162807.552	1403162919.371
2563	1	1403162919.91	1403162925.177
2564	4	1403162926.271	1403162955.831
2565	3	1403162956.235	1403162976.929
2566	4	1403162977.221	1403163063.715
2567	1	1403163064.214	1403163068.003
2568	2	1403163068.348	1403163115.481
2569	3	1403163116.078	1403163118.879
2570	4	1403163119.314	1403163238.919
2571	1	1403163239.311	1403163243.175
2572	2	1403163243.507	1403163300.434
2573	3	1403163300.937	1403163303.03
2574	3	1403163303.03	1403163323.776
2575	3	1403163323.776	1403163337.823
2576	4	1403163338.339	1403163348.109
2577	1	1403163348.398	1403163358.926
2578	2	1403163365.166	1403163550.251
2579	3	1403163550.815	1403163553.004
2580	3	1403163553.004	1403163555.327
2581	4	1403163555.954	1403163560.402
2582	2	1403163563.139	1403163570.759
2583	1	1403163572.18	1403163581.315
2584	2	1403163584.054	1403166565.085
2585	1	1403166566.011	1403166884.679
2586	2	1403166885.168	1403167843.396
2587	3	1403167843.852	1403167878.223
2588	4	1403167878.652	1403167882.582
2589	1	1403167883.63	1403167889.044
2590	2	1403167889.3	1403169987.115
2591	3	1403169987.84	1403170010.701
2592	2	1403170011.061	1403170377.442
2593	1	1403170378.46	1403170384.211
2594	2	1403170384.662	1403170913.795
2595	3	1403170914.189	1403170920.686
2596	4	1403170921.087	1403170923.595
2597	1	1403170924.068	1403171197.41
2598	2	1403171198.064	1403171200.95
2599	3	1403171201.338	1403171203.467
2600	4	1403171205.965	1403171212.093
2601	2	1403171213.384	1403171460.114
2602	3	1403171460.599	1403171504.705
2603	2	1403171507.159	1403171511.353
2604	1	1403171513.799	1403171524.167
2605	2	1403171524.468	1403171952.629
2606	3	1403171953.559	1403171956.284
2607	4	1403171956.734	1403171988.284
